source_url,buyer_company_raw,buyer_name_raw,contact_enrichment_status,public_contact_count
https://www.tradewheel.com/buyers/tea-beverage/usa/,,Tony Valenzuela,NO_OFFICIAL_COMPANY_DOMAIN_VERIFIED,0
https://www.tradewheel.com/buyers/tea/,,Brandon Middleton,NO_OFFICIAL_COMPANY_DOMAIN_VERIFIED,0
https://www.tradewheel.com/buyers/tea/,,David Thuman,NO_OFFICIAL_COMPANY_DOMAIN_VERIFIED,0
https://www.exporthub.com/rfq_detail.html?id=s%3A8%3A%22bcahchgb%22%3B,,Dayna LamHo,NO_OFFICIAL_COMPANY_DOMAIN_VERIFIED,0
https://www.exporthub.com/importers/tea/,,,NO_OFFICIAL_COMPANY_DOMAIN_VERIFIED,0
https://freshdi.com/request/Matcha,S****O U.****A. I**C,,NO_OFFICIAL_COMPANY_DOMAIN_VERIFIED,0
https://freshdi.com/request/Organic-matcha-products,BVL GROUP USA INC,,NO_OFFICIAL_COMPANY_DOMAIN_VERIFIED,0
https://freshdi.com/request/Fresh-blueberries-AyH0V8,BERRY FRESH LLC,,PUBLIC_BUSINESS_CONTACT_FOUND,5
https://freshdi.com/request/Agri-food-products-inquiry-ry8UBx,------------,,NO_OFFICIAL_COMPANY_DOMAIN_VERIFIED,0
