source_code,market_region,target_country_code,buyer_country_code,buyer_country_raw,category_code,query_slug,title,description_raw,buyer_identity_claim_raw,published_at_raw,published_at,age_days,record_kind,exact_product_match,origin_fit_gap,contact_gate,source_url,listing_url,verification_status,observed_at,snapshot_sha256,data_mode,qualification_status,qualification_reason_zh
ec21,US,US,US,United States,MATCHA,matcha,Looking for Matcha Supplier,"Hello, My name is Robert Pasker, and I am the CEO of Go Matcha Go, on Ohio Green tea distribution company. I am interested in trying your matcha . We are looking to import at least 20kgs of tea within the next few weeks. I am testing Matcha for taste, color, and consistency. We are looking to build relationships with matcha suppliers. We need matcha that is Bright green, soluble and not overly",Robert Pasker,"23 Apr, 2014",2014-04-23,4510,DIRECT_BUY_REQUIREMENT,True,False,premium_membership_or_login,https://importer.ec21.com/buy-lead/Looking_for_strong_Matcha_strong--23557662.html,https://importer.ec21.com/US/matcha.html,UNVERIFIED_MARKETPLACE_POST,2026-08-27T21:11:43+00:00,050a5f03d471cc3fda0cd9f1115b047876d1ad227095ec5ec7f09dfdee77653e,LIVE,WATCHLIST_STALE,发布日期超过365天
ec21,US,US,US,United States,MATCHA,matcha,Buy Buy: Matcha Green Tea Powder Organic USDA,I'm a US company seeking Organic Matcha Green Tea Powder for private label from a United States supplier. Please contact me if you meet these requirements.,,"17 May, 2014",2014-05-17,4486,DIRECT_BUY_REQUIREMENT,True,False,premium_membership_or_login,https://importer.ec21.com/buy-lead/Buy_Buy_strong_Matcha_strong--23576234.html,https://importer.ec21.com/US/matcha.html,UNVERIFIED_MARKETPLACE_POST,2026-08-27T21:11:43+00:00,050a5f03d471cc3fda0cd9f1115b047876d1ad227095ec5ec7f09dfdee77653e,LIVE,WATCHLIST_STALE,发布日期超过365天
ec21,US,US,US,United States,MATCHA,matcha,Buy Caffe Latte,"Looking for Maeil caffe latte drinks, primarily Caramel Macchiato and Matcha Latte. Please let me know what your price is and the number of items per pack!",,"15 Jul, 2015",2015-07-15,4062,DIRECT_BUY_REQUIREMENT,True,False,premium_membership_or_login,https://importer.ec21.com/buy-lead/Buy_Caffe_Latte--23834365.html,https://importer.ec21.com/US/matcha.html,UNVERIFIED_MARKETPLACE_POST,2026-08-27T21:11:43+00:00,050a5f03d471cc3fda0cd9f1115b047876d1ad227095ec5ec7f09dfdee77653e,LIVE,WATCHLIST_STALE,发布日期超过365天
ec21,US,US,US,United States,BLUEBERRY,blueberry,Buy Dried BLueberry,"Hi, I am looking for dried blueberry that doesn't need to be transported in refrigerated container. If you have this prodct, please, send email to ammfergie----hotmail.com thank you!",,"4 Mar, 2014",2014-03-04,4560,DIRECT_BUY_REQUIREMENT,True,False,premium_membership_or_login,https://importer.ec21.com/buy-lead/Buy_Dried_strong_BLueberry_strong--23512834.html,https://importer.ec21.com/US/blueberry.html,UNVERIFIED_MARKETPLACE_POST,2026-08-27T21:11:45+00:00,86ca163b5cd57f20b52c4b98f2318ac4ba8acc9729b7288daaff7d9a68c5e6c4,LIVE,WATCHLIST_STALE,发布日期超过365天
ec21,US,US,US,United States,CHILI,chili,We Buy Korean Red Pepper Powder / Chili Powder,"Dear Sir/Madam, We are looking to purchase Korean red pepper powder. Please refer to the details below: * Product: Korean Red Pepper Powder / Chili Powder * Quantity: To be confirmed * Specifications: - Food-grade red pepper powder - Suitable for restaurant use and wholesale food distribution - Detailed product specifications, packaging options, shelf life, and relevant food safety certificates a",,"10 Jun, 2026",2026-06-10,79,DIRECT_BUY_REQUIREMENT,True,True,premium_membership_or_login,https://importer.ec21.com/buy-lead/We_Buy_Korean_Red_Pepper--24461131.html,https://importer.ec21.com/US/chili.html,UNVERIFIED_MARKETPLACE_POST,2026-08-27T21:11:48+00:00,36659d3ef15ea0784b4e4ced36bd8f625dc39c0724e62fd2aa2ff7899effca2b,LIVE,GAP_ORIGIN_REQUIREMENT,需求限制韩国/日本原产，贵州产品需确认可替代性
ec21,US,US,US,United States,CHILI,chili,We Buy Gochujang (Korean Red Chili Paste),We're looking for a supplier/manufacturer of Gochujang (Korean Red Chili Paste). - Item Name: Gochujang - Details: Korean red chili paste - Trade Term: FOB - Quantity: To be determined (TBD),,"19 Aug, 2025",2025-08-19,374,DIRECT_BUY_REQUIREMENT,True,False,premium_membership_or_login,https://importer.ec21.com/buy-lead/We_Buy_Gochujang_Korean_Red--24449921.html,https://importer.ec21.com/US/chili.html,UNVERIFIED_MARKETPLACE_POST,2026-08-27T21:11:48+00:00,36659d3ef15ea0784b4e4ced36bd8f625dc39c0724e62fd2aa2ff7899effca2b,LIVE,WATCHLIST_STALE,发布日期超过365天
ec21,US,US,US,United States,CHILI,chili,Buy Dried Red Chilies,"Hello we are big importer of dried red chili es, we have a stable consumer group worldwide. If you can provide first-class chiles, we will have a good and long cooperation with first order of 200 mt.",,"17 Apr, 2015",2015-04-17,4151,REJECTED_SELLER_OR_UNCLEAR,True,False,premium_membership_or_login,https://importer.ec21.com/buy-lead/Buy_Dried_Red_strong_Chili--23789806.html,https://importer.ec21.com/US/chili.html,UNVERIFIED_MARKETPLACE_POST,2026-08-27T21:11:48+00:00,36659d3ef15ea0784b4e4ced36bd8f625dc39c0724e62fd2aa2ff7899effca2b,LIVE,REJECT_SELLER_OR_UNCLEAR,未检测到明确采购意图或含卖方表达
ec21,US,US,US,United States,CHILI,chili,We Buy Korean Red Pepper Powder,"Dear Sir/Madam, We are looking to purchase Korean red pepper powder. Please refer to the details below: - Product: Korean Red Pepper Powder / Chili Powder - Quantity: To be confirmed - Specifications: * Food-grade red pepper powder * Suitable for import and distribution * Detailed product specifications, packaging options, shelf life, and certificates are requested Interested suppliers are kindly",,"10 Jun, 2026",2026-06-10,79,DIRECT_BUY_REQUIREMENT,True,True,premium_membership_or_login,https://importer.ec21.com/buy-lead/We_Buy_Korean_Red_Pepper--24461130.html,https://importer.ec21.com/US/chili.html,UNVERIFIED_MARKETPLACE_POST,2026-08-27T21:11:48+00:00,36659d3ef15ea0784b4e4ced36bd8f625dc39c0724e62fd2aa2ff7899effca2b,LIVE,GAP_ORIGIN_REQUIREMENT,需求限制韩国/日本原产，贵州产品需确认可替代性
ec21,US,US,US,United States,CHILI,chili,We Buy Seasonings and Condiments,"We're looking for Salt, pepper, sugar, honey, vinegar, soy sauce, gochujang (Korean chili paste), doenjang (Korean soybean paste), red pepper powder, cooking oil, herbs, spices, various types of soy sauce, and other seasoning and condiment products. - Terms and Conditions: We are looking for Korean domestic companies that can supply high-quality and reliable products. Preparations for export have",,"4 Nov, 2024",2024-11-04,662,DIRECT_BUY_REQUIREMENT,False,False,premium_membership_or_login,https://importer.ec21.com/buy-lead/We_Buy_Seasonings_and_Condiments--24445943.html,https://importer.ec21.com/US/chili.html,UNVERIFIED_MARKETPLACE_POST,2026-08-27T21:11:48+00:00,36659d3ef15ea0784b4e4ced36bd8f625dc39c0724e62fd2aa2ff7899effca2b,LIVE,REJECT_PRODUCT_MISMATCH,品类只出现在噪声或排除语境
ec21,US,US,US,United States,CHILI,chili,Buy All Kinds Paper Waste/ Paper Scrap From World Wide Suppliers,"Chili , Brazil, Guyana, , Panama, Kuracao, Costa Rica, Central America, Gautemala, South Africa, East Africa, West Africa Middle Eastern countries like Saudi Arabia, ubai, Qatar, Oman, Kuwait, Bahrain, as well as other safe African countries of the world We are the the direct buyer. We have got huge requirements every month. We want to buy in containerized only no bulk shipments. We are very serio",,"8 Sep, 2014",2014-09-08,4372,DIRECT_BUY_REQUIREMENT,False,False,premium_membership_or_login,https://importer.ec21.com/buy-lead/Buy_All_Kinds_Paper_Waste--23666822.html,https://importer.ec21.com/US/chili.html,UNVERIFIED_MARKETPLACE_POST,2026-08-27T21:11:48+00:00,36659d3ef15ea0784b4e4ced36bd8f625dc39c0724e62fd2aa2ff7899effca2b,LIVE,REJECT_PRODUCT_MISMATCH,品类只出现在噪声或排除语境
ec21,US,US,US,United States,CHILI,chilli,Buy Red Dry Chillies,"I am searching for a good supplier of dried red chilli es, the product is required for further production of spices. Product type: Red Chilli Style: Dried Shape: Stick Weight: 25 Drying Process: AD Color: Red Shelf Life: 1yr",,"17 May, 2015",2015-05-17,4121,DIRECT_BUY_REQUIREMENT,True,False,premium_membership_or_login,https://importer.ec21.com/buy-lead/Buy_Red_Dry_strong_Chilli--23807113.html,https://importer.ec21.com/US/chilli.html,UNVERIFIED_MARKETPLACE_POST,2026-08-27T21:11:50+00:00,850ed2090ee58ffa468a8f4c4ba38f26de64a56a26ce76d52cadf7043f8457c8,LIVE,WATCHLIST_STALE,发布日期超过365天
ec21,US,US,US,United States,CHILI,chilli,We Buy Spices,"I required cooking spices, Whole, grounded, powder and mixed spices Red chilly, while chilly, yellow chilly, coriander, turmeric, cloves, black paper, cardamom, cinnamon, cumin etc.",,"26 Oct, 2021",2021-10-26,1767,DIRECT_BUY_REQUIREMENT,False,False,premium_membership_or_login,https://importer.ec21.com/buy-lead/We_Buy_Spices--24337767.html,https://importer.ec21.com/US/chilli.html,UNVERIFIED_MARKETPLACE_POST,2026-08-27T21:11:50+00:00,850ed2090ee58ffa468a8f4c4ba38f26de64a56a26ce76d52cadf7043f8457c8,LIVE,REJECT_PRODUCT_MISMATCH,品类只出现在噪声或排除语境
ec21,US,US,US,United States,CHILI,chilli,We Buy Indian Spices,"Whole spices. ground spices and blended masala powder required. Sea salt Clove powder White pepper Red chilli clove Turmeric Pav bhaji masala Fenugreek Cardamom Capsicum coriander seeds, cumin seed",,"15 May, 2017",2017-05-15,3392,DIRECT_BUY_REQUIREMENT,True,False,premium_membership_or_login,https://importer.ec21.com/buy-lead/We_Buy_Indian_Spices--24102136.html,https://importer.ec21.com/US/chilli.html,UNVERIFIED_MARKETPLACE_POST,2026-08-27T21:11:50+00:00,850ed2090ee58ffa468a8f4c4ba38f26de64a56a26ce76d52cadf7043f8457c8,LIVE,WATCHLIST_STALE,发布日期超过365天
ec21,US,US,US,United States,CHILI,chilli,"We Buy We Want To Buy Turmeric,coriander,cumin","We want to opportuniy to inform suppliers,exporters and direct farmers that we want to buy turmeric,cardamon,coriander, chilli ,these products are needed urgently for production purposes,please any interested personell can contact us soonest.",,"23 Oct, 2018",2018-10-23,2866,DIRECT_BUY_REQUIREMENT,False,False,premium_membership_or_login,https://importer.ec21.com/buy-lead/We_Buy_We_Want_To--24209364.html,https://importer.ec21.com/US/chilli.html,UNVERIFIED_MARKETPLACE_POST,2026-08-27T21:11:50+00:00,850ed2090ee58ffa468a8f4c4ba38f26de64a56a26ce76d52cadf7043f8457c8,LIVE,REJECT_PRODUCT_MISMATCH,品类只出现在噪声或排除语境
ec21,US,US,US,United States,TEA,tea,We Buy Korean Tea,"We're looking for Flower tea , Korean tea , traditional tea , herbal tea . - Terms and Conditions: We are looking for a reliable local company that uses quality, domestically sourced ingredients to supply trustworthy products. The company should be ready for export and able to ensure product quantity and quality, with preference given to those open to a long-term partnership.",,"12 Nov, 2024",2024-11-12,654,DIRECT_BUY_REQUIREMENT,True,True,premium_membership_or_login,https://importer.ec21.com/buy-lead/We_Buy_Korean_strong_Tea--24446046.html,https://importer.ec21.com/US/tea.html,UNVERIFIED_MARKETPLACE_POST,2026-08-27T21:11:51+00:00,520c50fee2c3cf902bc09300eb0f3da5ef8329e8b3a2edfe4d401c5728309734,LIVE,WATCHLIST_STALE,发布日期超过365天
ec21,US,US,US,United States,TEA,tea,We Buy Green Tea,"We're looking for Green Tea suppliers from Kore. - Terms and Conditions: I'm looking for a domestic company that can supply high-quality and reliable products. We are fully prepared for export and prioritize companies that can handle volume, provide quality assurance, and are open to long-term business relationships. - Quantity: To be determined",,"31 Oct, 2024",2024-10-31,666,DIRECT_BUY_REQUIREMENT,True,False,premium_membership_or_login,https://importer.ec21.com/buy-lead/We_Buy_Green_strong_Tea--24445815.html,https://importer.ec21.com/US/tea.html,UNVERIFIED_MARKETPLACE_POST,2026-08-27T21:11:51+00:00,520c50fee2c3cf902bc09300eb0f3da5ef8329e8b3a2edfe4d401c5728309734,LIVE,WATCHLIST_STALE,发布日期超过365天
ec21,US,US,US,United States,TEA,tea,We Buy Korean Tea,"We're looking for Roasted Corn Tea , Roasted Barley Tea , Green Tea with Brown Rice etc from Korea. Website : https://www.haitaiusa.com/ tea",,"16 Aug, 2024",2024-08-16,742,DIRECT_BUY_REQUIREMENT,True,True,premium_membership_or_login,https://importer.ec21.com/buy-lead/We_Buy_Korean_strong_Tea--24439475.html,https://importer.ec21.com/US/tea.html,UNVERIFIED_MARKETPLACE_POST,2026-08-27T21:11:51+00:00,520c50fee2c3cf902bc09300eb0f3da5ef8329e8b3a2edfe4d401c5728309734,LIVE,WATCHLIST_STALE,发布日期超过365天
ec21,US,US,US,United States,TEA,tea,Buy Wild Grass Tea,"I would like to know where I can buy this in the United States. I live in Los Angeles, CA. I am specifically looking for the Sanyacho Diet tea produced by Gang San Farms. Thanks.",,"25 Apr, 2014",2014-04-25,4508,DIRECT_BUY_REQUIREMENT,True,False,premium_membership_or_login,https://importer.ec21.com/buy-lead/Buy_Wild_Grass_strong_Tea--23560185.html,https://importer.ec21.com/US/tea.html,UNVERIFIED_MARKETPLACE_POST,2026-08-27T21:11:51+00:00,520c50fee2c3cf902bc09300eb0f3da5ef8329e8b3a2edfe4d401c5728309734,LIVE,WATCHLIST_STALE,发布日期超过365天
ec21,US,US,US,United States,TEA,tea,Buy Wild Grass Tea,"I would like to know where I can buy the Sanyacho diet tea in the United States. I live in Los Angeles, CA. Thank you.",,"22 Apr, 2014",2014-04-22,4511,REJECTED_SELLER_OR_UNCLEAR,True,False,premium_membership_or_login,https://importer.ec21.com/buy-lead/Buy_Wild_Grass_strong_Tea--23556412.html,https://importer.ec21.com/US/tea.html,UNVERIFIED_MARKETPLACE_POST,2026-08-27T21:11:51+00:00,520c50fee2c3cf902bc09300eb0f3da5ef8329e8b3a2edfe4d401c5728309734,LIVE,REJECT_SELLER_OR_UNCLEAR,未检测到明确采购意图或含卖方表达
ec21,US,US,US,United States,TEA,tea,"Buy Sex Herbal Tea ,Jinshenkang Tea , the Sensual Tea",Please send price list and sample of your sexual tea products. I also need shipping cost and time of delivery. Thank you,,"4 Mar, 2014",2014-03-04,4560,DIRECT_BUY_REQUIREMENT,True,False,premium_membership_or_login,https://importer.ec21.com/buy-lead/Buy_Sex_Herbal_strong_Tea--23512048.html,https://importer.ec21.com/US/tea.html,UNVERIFIED_MARKETPLACE_POST,2026-08-27T21:11:51+00:00,520c50fee2c3cf902bc09300eb0f3da5ef8329e8b3a2edfe4d401c5728309734,LIVE,WATCHLIST_STALE,发布日期超过365天
ec21,US,US,US,United States,TEA,tea,Buy Semi-automatic Bubble Tea Boba Plastic Cup Sealer Sealing Machine,"I need information if you can provide me 90mm diameter Aluminum Rim for sealing machine, sealer gasket, 90mm backup ring, bubble tea machine parts and if they have to other measures. Price and payment system",,"12 Apr, 2014",2014-04-12,4521,DIRECT_BUY_REQUIREMENT,True,False,premium_membership_or_login,https://importer.ec21.com/buy-lead/Buy_Semi_automatic_Bubble_strong--23549161.html,https://importer.ec21.com/US/tea.html,UNVERIFIED_MARKETPLACE_POST,2026-08-27T21:11:51+00:00,520c50fee2c3cf902bc09300eb0f3da5ef8329e8b3a2edfe4d401c5728309734,LIVE,WATCHLIST_STALE,发布日期超过365天
ec21,US,US,US,United States,TEA,tea,Buy Buy: Matcha Green Tea Powder Organic USDA,I'm a US company seeking Organic Matcha Green Tea Powder for private label from a United States supplier. Please contact me if you meet these requirements.,,"17 May, 2014",2014-05-17,4486,DIRECT_BUY_REQUIREMENT,True,False,premium_membership_or_login,https://importer.ec21.com/buy-lead/Buy_Buy_Matcha_Green_strong--23576234.html,https://importer.ec21.com/US/tea.html,UNVERIFIED_MARKETPLACE_POST,2026-08-27T21:11:51+00:00,520c50fee2c3cf902bc09300eb0f3da5ef8329e8b3a2edfe4d401c5728309734,LIVE,WATCHLIST_STALE,发布日期超过365天
ec21,US,US,US,United States,TEA,tea,Buy Honey Quince Tea,"Hello, My sister is living in Busan, South Korea, but I live in the United States, and would like to know how much it would cost to ship 4 jars of the tea to her. Thank you!",,"9 Dec, 2014",2014-12-09,4280,REJECTED_SELLER_OR_UNCLEAR,True,False,premium_membership_or_login,https://importer.ec21.com/buy-lead/Buy_Honey_Quince_strong_Tea--23725425.html,https://importer.ec21.com/US/tea.html,UNVERIFIED_MARKETPLACE_POST,2026-08-27T21:11:51+00:00,520c50fee2c3cf902bc09300eb0f3da5ef8329e8b3a2edfe4d401c5728309734,LIVE,REJECT_SELLER_OR_UNCLEAR,未检测到明确采购意图或含卖方表达
ec21,US,US,US,United States,TEA,tea,Buy Balsam Pear Tea,I am interested in balsam pear tea and sex tea and any other product that is good for health and send your contact number,,"12 Dec, 2014",2014-12-12,4277,DIRECT_BUY_REQUIREMENT,True,False,premium_membership_or_login,https://importer.ec21.com/buy-lead/Buy_Balsam_Pear_strong_Tea--23727652.html,https://importer.ec21.com/US/tea.html,UNVERIFIED_MARKETPLACE_POST,2026-08-27T21:11:51+00:00,520c50fee2c3cf902bc09300eb0f3da5ef8329e8b3a2edfe4d401c5728309734,LIVE,WATCHLIST_STALE,发布日期超过365天
ec21,US,US,US,United States,TEA,tea,Buy Nylon Mesh for Pyramid Tea Bag,"Hi I would like to order a sample roll of mesh tea bag material to test. We will be making 3x3"" tea bags with loose leaf tea . Ultra sonic or heat seal is ok. Kindly send to 57 Fairmount Street Lowell Ma 01852 USA Thank you",,"9 Apr, 2015",2015-04-09,4159,REJECTED_SELLER_OR_UNCLEAR,True,False,premium_membership_or_login,https://importer.ec21.com/buy-lead/Buy_Nylon_Mesh_for_Pyramid--23784806.html,https://importer.ec21.com/US/tea.html,UNVERIFIED_MARKETPLACE_POST,2026-08-27T21:11:51+00:00,520c50fee2c3cf902bc09300eb0f3da5ef8329e8b3a2edfe4d401c5728309734,LIVE,REJECT_SELLER_OR_UNCLEAR,未检测到明确采购意图或含卖方表达
ec21,US,US,US,United States,TEA,tea,Buy Nylon Mesh for Pyramid Tea Bag,"Looking for nylon Mash Tea Bag Material, rolls. We are hand making 3x3"" tea bags. Thank you Lisa Marie",,"7 Apr, 2015",2015-04-07,4161,DIRECT_BUY_REQUIREMENT,True,False,premium_membership_or_login,https://importer.ec21.com/buy-lead/Buy_Nylon_Mesh_for_Pyramid--23783593.html,https://importer.ec21.com/US/tea.html,UNVERIFIED_MARKETPLACE_POST,2026-08-27T21:11:51+00:00,520c50fee2c3cf902bc09300eb0f3da5ef8329e8b3a2edfe4d401c5728309734,LIVE,WATCHLIST_STALE,发布日期超过365天
ec21,US,US,US,United States,TEA,tea,"Buy Coffee Table, Tea Table","Dear Ma/Sir I am Osaka Jane, we are searching for your product, and i am contacting you to know if your quality is good.. We are interested in buying your quality product, i will want you to send me your MOQ and further information but i will be very glad if you can reply direct to my private email, thank you so much i will be looking forward to hear from you soon. Best Regards Osaka Jane Purchas",,"9 Feb, 2015",2015-02-09,4218,DIRECT_BUY_REQUIREMENT,False,False,premium_membership_or_login,https://importer.ec21.com/buy-lead/Buy_Coffee_Table_strong_Tea--23757278.html,https://importer.ec21.com/US/tea.html,UNVERIFIED_MARKETPLACE_POST,2026-08-27T21:11:51+00:00,520c50fee2c3cf902bc09300eb0f3da5ef8329e8b3a2edfe4d401c5728309734,LIVE,REJECT_PRODUCT_MISMATCH,品类只出现在噪声或排除语境
ec21,US,US,US,United States,TEA,tea,Buy Mulberry Green Tea ( Herbal Beverage ),"We will like to buy your products. do you ship to Poland? upon your response, we will forward our order along with our company details. Thanks and Best Regards Paul Marti Poland",details,"17 Jan, 2016",2016-01-17,3876,REJECTED_SELLER_OR_UNCLEAR,True,False,premium_membership_or_login,https://importer.ec21.com/buy-lead/Buy_Mulberry_Green_strong_Tea--23926279.html,https://importer.ec21.com/US/tea.html,UNVERIFIED_MARKETPLACE_POST,2026-08-27T21:11:51+00:00,520c50fee2c3cf902bc09300eb0f3da5ef8329e8b3a2edfe4d401c5728309734,LIVE,REJECT_SELLER_OR_UNCLEAR,未检测到明确采购意图或含卖方表达
ec21,US,US,US,United States,TEA,tea,Buy AIKEN Tea Tree Oil product range.,"Hello, my name is shawline, am a reseller here in texas, am interested in retailing this product, heard very good reviews about it, and will like to order asap. please contact me at your earliest convenient. whatsapp : 8328360622 Thanks",shawline,"21 Mar, 2016",2016-03-21,3812,DIRECT_BUY_REQUIREMENT,False,False,premium_membership_or_login,https://importer.ec21.com/buy-lead/Buy_AIKEN_strong_Tea_strong--23951095.html,https://importer.ec21.com/US/tea.html,UNVERIFIED_MARKETPLACE_POST,2026-08-27T21:11:51+00:00,520c50fee2c3cf902bc09300eb0f3da5ef8329e8b3a2edfe4d401c5728309734,LIVE,REJECT_PRODUCT_MISMATCH,品类只出现在噪声或排除语境
ec21,US,US,US,United States,TEA,tea,We Buy Oolong Tea,Hi My name is Alex Im interested in doing business with your company. in order for me to do business with you I would like to know if you would be willing to ship consumer sized packages via E-Packet directly to my customers in the US. Please also provide me with an inventory list of products that you carry. Thank You In advance Alexander Bour. Owner and CEO AB Holdings,Alex Im interested in doing business with your company,"17 Oct, 2017",2017-10-17,3237,DIRECT_BUY_REQUIREMENT,True,False,premium_membership_or_login,https://importer.ec21.com/buy-lead/We_Buy_Oolong_strong_Tea--24140787.html,https://importer.ec21.com/US/tea.html,UNVERIFIED_MARKETPLACE_POST,2026-08-27T21:11:51+00:00,520c50fee2c3cf902bc09300eb0f3da5ef8329e8b3a2edfe4d401c5728309734,LIVE,WATCHLIST_STALE,发布日期超过365天
ec21,US,US,US,United States,TEA,tea,Buy Korea Ginseng Tea,"I want to order the dong won granulated instant korean ginseng tea in either 2g or 3g packets. I live in the STATE OF iLLINOIS, USA. Please give me the prices of your products with the shipping cost",,"26 Apr, 2017",2017-04-26,3411,REJECTED_SELLER_OR_UNCLEAR,True,False,premium_membership_or_login,https://importer.ec21.com/buy-lead/Buy_Korea_Ginseng_strong_Tea--24096669.html,https://importer.ec21.com/US/tea.html,UNVERIFIED_MARKETPLACE_POST,2026-08-27T21:11:51+00:00,520c50fee2c3cf902bc09300eb0f3da5ef8329e8b3a2edfe4d401c5728309734,LIVE,REJECT_SELLER_OR_UNCLEAR,未检测到明确采购意图或含卖方表达
ec21,US,US,US,United States,TEA,tea,We Buy KOREAN TRADITIONAL TEA,"Hello, We are importing and distributing KOREAN TRADITIONAL TEA , ROASTED SEAWEED etc. Have a nice day !",,"1 Oct, 2023",2023-10-01,1062,DIRECT_BUY_REQUIREMENT,True,False,premium_membership_or_login,https://importer.ec21.com/buy-lead/We_Buy_KOREAN_TRADITIONAL_strong--24408682.html,https://importer.ec21.com/US/tea.html,UNVERIFIED_MARKETPLACE_POST,2026-08-27T21:11:51+00:00,520c50fee2c3cf902bc09300eb0f3da5ef8329e8b3a2edfe4d401c5728309734,LIVE,WATCHLIST_STALE,发布日期超过365天
ec21,US,US,US,United States,TEA,tea,We Buy Beverages,"We're looking for Beverages - Carbonated drinks, fruit juices, coffee, tea , milk and dairy products, smoothies, water, and other beverage items. We prefer a Korean company capable of supplying high-quality and reliable beverage products. Export preparations have been completed, and we prioritize companies that can ensure adequate quantity, quality assurance, and a long-term partnership. - Quantit",,"14 Nov, 2024",2024-11-14,652,DIRECT_BUY_REQUIREMENT,True,False,premium_membership_or_login,https://importer.ec21.com/buy-lead/We_Buy_Beverages--24446096.html,https://importer.ec21.com/US/tea.html,UNVERIFIED_MARKETPLACE_POST,2026-08-27T21:11:51+00:00,520c50fee2c3cf902bc09300eb0f3da5ef8329e8b3a2edfe4d401c5728309734,LIVE,WATCHLIST_STALE,发布日期超过365天
ec21,US,US,US,United States,TEA,tea,We Buy Variety of Red Ginseng Products,"We are looking for different types of red ginseng products, such as extracts, liquid, tablets, tea , candy, drinks, and shots. - Terms and Conditions: We are searching for a trustworthy local company that can provide good-quality products. The company should be ready for export and able to ensure product quantity and quality. We prefer a long-term partnership. - Quantity: To be decided",,"12 Nov, 2024",2024-11-12,654,DIRECT_BUY_REQUIREMENT,True,False,premium_membership_or_login,https://importer.ec21.com/buy-lead/We_Buy_Variety_of_Red--24446042.html,https://importer.ec21.com/US/tea.html,UNVERIFIED_MARKETPLACE_POST,2026-08-27T21:11:51+00:00,520c50fee2c3cf902bc09300eb0f3da5ef8329e8b3a2edfe4d401c5728309734,LIVE,WATCHLIST_STALE,发布日期超过365天
ec21,JAPAN,JP,JP,Japan,CHILI,chili,Buy Spices,"I have requirement of Indian spices. Chili , coriander, turmeric, cumin seed, black pepper, fennel seed, cardamom, mace, nutmeg, Dill seed, Cinnamon, Chili powder, cloves, curry powder and other masala powder",,"4 Feb, 2017",2017-02-04,3492,REJECTED_SELLER_OR_UNCLEAR,True,False,premium_membership_or_login,https://importer.ec21.com/buy-lead/Buy_Spices--23937385.html,https://importer.ec21.com/JP/chili.html,UNVERIFIED_MARKETPLACE_POST,2026-08-27T21:11:57+00:00,6bf7ff7d77b5a8bc0a8e8e17acd2c7bfec51a643c2134171c8afa1f3655ea9ef,LIVE,REJECT_SELLER_OR_UNCLEAR,未检测到明确采购意图或含卖方表达
ec21,JAPAN,JP,JP,Japan,TEA,tea,We Buy Twining Tea,"we are looking for Twining tea for 1 x 20ft container. Payment terms are negotiable. If you have other European brands' tea , we will appreciate if you provide the information.",,"15 Jun, 2018",2018-06-15,2996,DIRECT_BUY_REQUIREMENT,True,False,premium_membership_or_login,https://importer.ec21.com/buy-lead/We_Buy_Twining_strong_Tea--24187944.html,https://importer.ec21.com/JP/tea.html,UNVERIFIED_MARKETPLACE_POST,2026-08-27T21:12:00+00:00,d586581e2b475cfc90c9c1d8fe9131f6bda341c3be667f5908424e19df336a75,LIVE,WATCHLIST_STALE,发布日期超过365天
ec21,JAPAN,JP,JP,Japan,TEA,tea,We Buy Tiger Nuts/ Hibiscus Tea / Shea Butter,I kg or above of Tiger nuts naturally dried Pure unrefined Shea butter 100% Dried Hibiscus flower deep red/ purple,,"25 Sep, 2018",2018-09-25,2894,DIRECT_BUY_REQUIREMENT,True,False,premium_membership_or_login,https://importer.ec21.com/buy-lead/We_Buy_Tiger_Nuts_Hibiscus--24205976.html,https://importer.ec21.com/JP/tea.html,UNVERIFIED_MARKETPLACE_POST,2026-08-27T21:12:00+00:00,d586581e2b475cfc90c9c1d8fe9131f6bda341c3be667f5908424e19df336a75,LIVE,WATCHLIST_STALE,发布日期超过365天
ec21,JAPAN,JP,JP,Japan,TEA,tea,We Buy Mariage Frere,"we are looking for Mariage Frere for 1 x 20ft container. Payment terms are negotiable If you have other European brands' tea , we will appreciate if you provide the information.",,"15 Jun, 2018",2018-06-15,2996,DIRECT_BUY_REQUIREMENT,True,False,premium_membership_or_login,https://importer.ec21.com/buy-lead/We_Buy_Mariage_Frere--24187943.html,https://importer.ec21.com/JP/tea.html,UNVERIFIED_MARKETPLACE_POST,2026-08-27T21:12:00+00:00,d586581e2b475cfc90c9c1d8fe9131f6bda341c3be667f5908424e19df336a75,LIVE,WATCHLIST_STALE,发布日期超过365天
ec21,EUROPE,DE,DE,Germany,BLUEBERRY,blueberry,Buy Frozen Fruits,"Inquiry for frozen organic fruits and frozen conventional fruits we are interested in frozen organic fruits and frozen conventional fruits in top quality, Grad A, this is absolutely necessary condition. In particular, we seek to: strawberries raspberries sour cherries red currants black currants blueberri es (wild) blackberries We are further interested in long-term business relationship. The decr",,"6 Nov, 2014",2014-11-06,4313,DIRECT_BUY_REQUIREMENT,False,False,premium_membership_or_login,https://importer.ec21.com/buy-lead/Buy_Frozen_Fruits--23704892.html,https://importer.ec21.com/DE/blueberry.html,UNVERIFIED_MARKETPLACE_POST,2026-08-27T21:12:03+00:00,05c20e76fe6eb277353b7029024344ac8d6080c7c2857b7e293ba5037ef7694e,LIVE,REJECT_PRODUCT_MISMATCH,品类只出现在噪声或排除语境
ec21,EUROPE,DE,DE,Germany,TEA,tea,We Buy Powdered Tea,"We're looking for Korean food and household goods wholesale and retail distributor. [ Interested Items] - Powdered tea in stick form (yuzu tea , ginger tea , misugaru, etc.) - Request for product information and unit price details - Preference for tea and beverage stick products with easy-cut opening",,"31 Jan, 2025",2025-01-31,574,DIRECT_BUY_REQUIREMENT,True,True,premium_membership_or_login,https://importer.ec21.com/buy-lead/We_Buy_Powdered_strong_Tea--24446862.html,https://importer.ec21.com/DE/tea.html,UNVERIFIED_MARKETPLACE_POST,2026-08-27T21:12:10+00:00,650a086a1241c275133a53ea667c267b102eed516d82203bd410e99d9fbf4e1e,LIVE,WATCHLIST_STALE,发布日期超过365天
ec21,EUROPE,DE,DE,Germany,TEA,tea,Buy Korean Cosmetics & Skincare,Essence Mist Time Revolution Night Repair New Science Activator Ampoule MIZON All In One Snail Repair Cream MOON SHOT Cream Paint Stick Extreme NEOGEN Bio-Peel Gauze Peeling Wine Green Tea Real Fresh Foam Cleanser Cranberry Real Fresh Foam Cleanser Cereal Real Fresh Foam Cleanser Day-Light Protection Sun Screen SON & PARK Glow Ring Foundation Beauty Water Beauty Gel Second Skin Foundation Set,,"25 Nov, 2015",2015-11-25,3929,REJECTED_SELLER_OR_UNCLEAR,True,False,premium_membership_or_login,https://importer.ec21.com/buy-lead/Buy_Korean_Cosmetics_Skincare--23897476.html,https://importer.ec21.com/DE/tea.html,UNVERIFIED_MARKETPLACE_POST,2026-08-27T21:12:10+00:00,650a086a1241c275133a53ea667c267b102eed516d82203bd410e99d9fbf4e1e,LIVE,REJECT_SELLER_OR_UNCLEAR,未检测到明确采购意图或含卖方表达
ec21,EUROPE,NL,NL,Netherlands,BLUEBERRY,blueberry,Buy Vodka,"We are looking for Grey Goose Night Edition, Belvedere SIlver Edition and Stolichnaya Blueberry . 200 cases each.",,"23 May, 2014",2014-05-23,4480,DIRECT_BUY_REQUIREMENT,True,False,premium_membership_or_login,https://importer.ec21.com/buy-lead/Buy_Vodka--23580876.html,https://importer.ec21.com/NL/blueberry.html,UNVERIFIED_MARKETPLACE_POST,2026-08-27T21:12:13+00:00,c31bd7c58bf01edd906707da6c06131ec31f45e5773a34879b7d9b11a6928788,LIVE,WATCHLIST_STALE,发布日期超过365天
ec21,EUROPE,NL,NL,Netherlands,CHILI,chili,We Buy Red Chili Powder,We Buy Red Chili Powder for making Kimchi. - Payment condition: T/T - Expected volume: TBD Looking forward to hearing from qualified suppliers.,,"15 Jan, 2024",2024-01-15,956,DIRECT_BUY_REQUIREMENT,True,False,premium_membership_or_login,https://importer.ec21.com/buy-lead/We_Buy_Red_strong_Chili--24419110.html,https://importer.ec21.com/NL/chili.html,UNVERIFIED_MARKETPLACE_POST,2026-08-27T21:12:16+00:00,c46c9c66b3e080c665bf6fdbd1cbec8cb4f57f90bb5a6165af870eb6bce6dd66,LIVE,WATCHLIST_STALE,发布日期超过365天
ec21,EUROPE,NL,NL,Netherlands,CHILI,chili,Buy Halal Frozen Whole Chicken Griller,halal chicken meat from thailand and chile we are looking foe a supplier for halall chicken meat from thailand and chili for delevring 4 to 10 containers each week,,"7 Mar, 2014",2014-03-07,4557,REJECTED_SELLER_OR_UNCLEAR,False,False,premium_membership_or_login,https://importer.ec21.com/buy-lead/Buy_Halal_Frozen_Whole_Chicken--23516180.html,https://importer.ec21.com/NL/chili.html,UNVERIFIED_MARKETPLACE_POST,2026-08-27T21:12:16+00:00,c46c9c66b3e080c665bf6fdbd1cbec8cb4f57f90bb5a6165af870eb6bce6dd66,LIVE,REJECT_SELLER_OR_UNCLEAR,未检测到明确采购意图或含卖方表达
ec21,EUROPE,NL,NL,Netherlands,TEA,tea,Buy Tea Tree Essential Oil,Im in the need of at least 500 bottles of Tea Tree Essential Oil.. Shipping to the Netherlands. Send me your offer.,,"2 Jul, 2014",2014-07-02,4440,DIRECT_BUY_REQUIREMENT,True,False,premium_membership_or_login,https://importer.ec21.com/buy-lead/Buy_strong_Tea_strong_Tree--23612855.html,https://importer.ec21.com/NL/tea.html,UNVERIFIED_MARKETPLACE_POST,2026-08-27T21:12:19+00:00,020360389bd90a8db05464ce8b8630f7a3d1bd5f7ffe6da94dd607e5f19a340f,LIVE,WATCHLIST_STALE,发布日期超过365天
ec21,EUROPE,FR,FR,France,TEA,tea,We Buy Looking For Large Non Reusable Telescopic Straw,I am looking for straw telescopic arround9.5 diameter 14cm. Mostly important is a large diameter. It must be non reusable straw.,,"1 Feb, 2020",2020-02-01,2400,DIRECT_BUY_REQUIREMENT,False,False,premium_membership_or_login,https://importer.ec21.com/buy-lead/We_Buy_Looking_For_Large--24267445.html,https://importer.ec21.com/FR/tea.html,UNVERIFIED_MARKETPLACE_POST,2026-08-27T21:12:28+00:00,09ac79f28cdfb89def2950b0fc4d94c3807bd9592aa17fdf88f32a2d4b84b6ba,LIVE,REJECT_PRODUCT_MISMATCH,品类只出现在噪声或排除语境
ec21,EUROPE,FR,FR,France,TEA,tea,We Buy Looking For Large Non Reusable Telescopic Straw,I am looking for straw telescopic arround9.5 diameter 14cm. Mostly important is a large diameter. It must be non reusable straw.,,"1 Feb, 2020",2020-02-01,2400,DIRECT_BUY_REQUIREMENT,False,False,premium_membership_or_login,https://importer.ec21.com/buy-lead/We_Buy_Looking_For_Large--24267444.html,https://importer.ec21.com/FR/tea.html,UNVERIFIED_MARKETPLACE_POST,2026-08-27T21:12:28+00:00,09ac79f28cdfb89def2950b0fc4d94c3807bd9592aa17fdf88f32a2d4b84b6ba,LIVE,REJECT_PRODUCT_MISMATCH,品类只出现在噪声或排除语境
ec21,EUROPE,ES,ES,Spain,BLUEBERRY,blueberry,We Buy BLUEBERRIES,VALGES WWW VALGES COM SPANISH BUSINESS GROUP WE ARE IMPORTERS BLUEBERRI ES STRASBERRIES BERRIES.- ANY KIND ORGANIC FRUIT PULP,,"25 Dec, 2022",2022-12-25,1342,DIRECT_BUY_REQUIREMENT,True,False,premium_membership_or_login,https://importer.ec21.com/buy-lead/We_Buy_strong_BLUEBERRI_strong--24384103.html,https://importer.ec21.com/ES/blueberry.html,UNVERIFIED_MARKETPLACE_POST,2026-08-27T21:12:40+00:00,c95eeff6e50d11d5391a4992411cacf523d62248739be28c281b47ca993bdc67,LIVE,WATCHLIST_STALE,发布日期超过365天
ec21,EUROPE,ES,ES,Spain,BLUEBERRY,blueberry,"We Buy Tropical Fruits , Berries , Organic Fruits and Fruit Pulp",VALGES WWW VALGES COM SPANISH BUSINESS GROUP WE ARE LOOKING TO DO LONG-TERM BUSINESS COOPERATION WITH GROWERS COMPANIES MANUFACTUERS COMPANIES WE IMPORT TROPICAL FRUITS ORGANIC FRUITS BLUEBERRI ES STRAWBERRIES BERRIES ANY KIND JUICES FRUIT PULP OTHER,,"29 Dec, 2022",2022-12-29,1338,DIRECT_BUY_REQUIREMENT,False,False,premium_membership_or_login,https://importer.ec21.com/buy-lead/We_Buy_Tropical_Fruits_Berries--24384389.html,https://importer.ec21.com/ES/blueberry.html,UNVERIFIED_MARKETPLACE_POST,2026-08-27T21:12:40+00:00,c95eeff6e50d11d5391a4992411cacf523d62248739be28c281b47ca993bdc67,LIVE,REJECT_PRODUCT_MISMATCH,品类只出现在噪声或排除语境
ec21,EUROPE,ES,ES,Spain,BLUEBERRY,blueberry,"We Buy Organic Fruits , Fruit Pulp Berries and Tropical Fruits",VALGES WWW VALGES COM SPANISH BUSINESS GROUP WE ARE INTERESTED IN LONG-TERM BUSINESS COOPERTION WITH GROWER COMPANIES MANUFACTURERS COMPANIES OUR MAIN BUSINESS TROPICAL FRUITS ORGANIC FRUITS FRUIT PULP BLUEBERRI ES STRAWBERRIES BERRIES ANY KIND JUICES,,"29 Dec, 2022",2022-12-29,1338,DIRECT_BUY_REQUIREMENT,False,False,premium_membership_or_login,https://importer.ec21.com/buy-lead/We_Buy_Organic_Fruits_Fruit--24384378.html,https://importer.ec21.com/ES/blueberry.html,UNVERIFIED_MARKETPLACE_POST,2026-08-27T21:12:40+00:00,c95eeff6e50d11d5391a4992411cacf523d62248739be28c281b47ca993bdc67,LIVE,REJECT_PRODUCT_MISMATCH,品类只出现在噪声或排除语境
ec21,EUROPE,ES,ES,Spain,BLUEBERRY,blueberry,We Buy Animal Feed,"V ALGES WWW VALGES COM SPANISH BUSINESS GROUP WE IMPORT ANIMAL FEED FODDER BROKEN CORN FOR ANIMAL FEED BROKEN GRAINS AND CEREALS . FOR ANIMAL FEED.- ANY KIND VEGETABLE OIL.CAKE.- FOR ANIMAL FEED, ANY KIND AS WELL BLUEBERRI S STRAWBERRIES BERRIES ANY KIND TROPICAL FRUITS ORGANIC FRUITS ORGANIC FRUIT PULP DRIED FRUITS",,"27 Dec, 2022",2022-12-27,1340,DIRECT_BUY_REQUIREMENT,False,False,premium_membership_or_login,https://importer.ec21.com/buy-lead/We_Buy_Animal_Feed--24384231.html,https://importer.ec21.com/ES/blueberry.html,UNVERIFIED_MARKETPLACE_POST,2026-08-27T21:12:40+00:00,c95eeff6e50d11d5391a4992411cacf523d62248739be28c281b47ca993bdc67,LIVE,REJECT_PRODUCT_MISMATCH,品类只出现在噪声或排除语境
ec21,EUROPE,PL,PL,Poland,CHILI,chili,We Buy Food Additives,"Below is an overview of the products we are interested in. Food Additives and Functional Ingredients Transglutaminase Dextrose Monohydrate Isolated Soy Protein 90%, Emulsion Textured Soy Protein 3-8 mm Monosodium Glutamate (80 mesh) Sodium Tripolyphosphate (STPP) Sodium Citrate (30-100 mesh) Wheat Gluten Poultry Powder Beef Powder Potato Starch Pea Fiber Spices and Seasonings: Chili Flakes Chili",,"17 Jan, 2026",2026-01-17,223,DIRECT_BUY_REQUIREMENT,False,False,premium_membership_or_login,https://importer.ec21.com/buy-lead/We_Buy_Food_Additives--24455704.html,https://importer.ec21.com/PL/chili.html,UNVERIFIED_MARKETPLACE_POST,2026-08-27T21:12:53+00:00,07bcea6d719e5ca49df3bee20389d817433afc80ce977fa13876391c52004e3d,LIVE,REJECT_PRODUCT_MISMATCH,品类只出现在噪声或排除语境
ec21,EUROPE,PL,PL,Poland,TEA,tea,Buy We Want To Buy Tea Leaves for Tea Bags,"Hello, We are looking for tea leaves (last fraction), tea powder, tea dust, tea fannings for tea bags. Please send your offers and samples. Kind regards Urban Bednarski",,"6 Feb, 2014",2014-02-06,4586,DIRECT_BUY_REQUIREMENT,True,False,premium_membership_or_login,https://importer.ec21.com/buy-lead/Buy_We_Want_To_Buy--23494122.html,https://importer.ec21.com/PL/tea.html,UNVERIFIED_MARKETPLACE_POST,2026-08-27T21:12:56+00:00,3364ed451b9519b904776dce896002a033f6d2fe54335ef9a4616ad3201e0cb2,LIVE,WATCHLIST_STALE,发布日期超过365天
ec21,EUROPE,FI,FI,Finland,TEA,tea,We Buy Green Tea & Black Tea,We're looking for Organic green and black loose leaf tea 1) Specifications of the item: Tea : green and black. No tea bags but only loose leaf tea per kg. 2) Payment condition: FOB 3) Quantity: TBD,,"18 Nov, 2024",2024-11-18,648,DIRECT_BUY_REQUIREMENT,True,False,premium_membership_or_login,https://importer.ec21.com/buy-lead/We_Buy_Green_strong_Tea--24446174.html,https://importer.ec21.com/FI/tea.html,UNVERIFIED_MARKETPLACE_POST,2026-08-27T21:13:14+00:00,3acb10d859bf12db85ec2de66e6683f2e6b294c979c767139202887fdba4947a,LIVE,WATCHLIST_STALE,发布日期超过365天
ec21,EUROPE,FI,FI,Finland,TEA,tea,We Buy Korean Tea,"Hello, We're looking for Typical Korean Tea . Such as Non-cafeine tea made out of flowers, fruits and roots, for example. Typical Korean flavours preferred. - Payment condition: FOB - Quantity: TBD - Major importing country: Japan, China, Korea and Taiwan",,"15 May, 2023",2023-05-15,1201,DIRECT_BUY_REQUIREMENT,True,True,premium_membership_or_login,https://importer.ec21.com/buy-lead/We_Buy_Korean_strong_Tea--24396176.html,https://importer.ec21.com/FI/tea.html,UNVERIFIED_MARKETPLACE_POST,2026-08-27T21:13:14+00:00,3acb10d859bf12db85ec2de66e6683f2e6b294c979c767139202887fdba4947a,LIVE,WATCHLIST_STALE,发布日期超过365天
ec21,EUROPE,HU,HU,Hungary,MATCHA,matcha,"We Buy Matcha Powder, Tea From Korea",We're searching for Matcha powder / Tea which is coming originally from Korea. - Payment conditions: 100% T/T in advance - Expected volume: depends on the offered price,,"4 Nov, 2024",2024-11-04,662,DIRECT_BUY_REQUIREMENT,True,True,premium_membership_or_login,https://importer.ec21.com/buy-lead/We_Buy_strong_Matcha_strong--24445944.html,https://importer.ec21.com/HU/matcha.html,UNVERIFIED_MARKETPLACE_POST,2026-08-27T21:13:16+00:00,cb9bb912322a1b8d1edd7f96cd4be23e2d6d1024b6860149a400b6e2ef27b10e,LIVE,WATCHLIST_STALE,发布日期超过365天
ec21,EUROPE,HU,HU,Hungary,TEA,tea,"We Buy Matcha Powder, Tea From Korea",We're searching for Matcha powder / Tea which is coming originally from Korea. - Payment conditions: 100% T/T in advance - Expected volume: depends on the offered price,,"4 Nov, 2024",2024-11-04,662,DIRECT_BUY_REQUIREMENT,True,True,premium_membership_or_login,https://importer.ec21.com/buy-lead/We_Buy_Matcha_Powder_strong--24445944.html,https://importer.ec21.com/HU/tea.html,UNVERIFIED_MARKETPLACE_POST,2026-08-27T21:13:23+00:00,5a2e1647d97655c99474bd320a2c15b292c5fe763dcec24ed56a6ba74a5c5485,LIVE,WATCHLIST_STALE,发布日期超过365天
ec21,EUROPE,GB,GB,United Kingdom,TEA,tea,Buy Tea Bag Tagging Machine ST-M80,"Hello, Please let me have a quotation for 1 machine. We have a factory in the UAE and are looking to apply locally produced tags tot nylon mesh tea bags. Product will be like Fuso Many thanks",,"18 Jun, 2014",2014-06-18,4454,REJECTED_SELLER_OR_UNCLEAR,True,False,premium_membership_or_login,https://importer.ec21.com/buy-lead/Buy_strong_Tea_strong_Bag--23600350.html,https://importer.ec21.com/GB/tea.html,UNVERIFIED_MARKETPLACE_POST,2026-08-27T21:13:32+00:00,fdfa93baad337cdd932383e423ec9350ac2c6178031e500cf5ddf37c04617ca5,LIVE,REJECT_SELLER_OR_UNCLEAR,未检测到明确采购意图或含卖方表达
ec21,EUROPE,GB,GB,United Kingdom,TEA,tea,We Buy Nylon Mesh for Pyramid Tea Bag,Hello I am looking to purchase several rolls of tea bag material with shipping to London. I am looking for suppliers. TBF (A)-N 140mm tea bag material Steve London,,"10 Oct, 2017",2017-10-10,3244,DIRECT_BUY_REQUIREMENT,True,False,premium_membership_or_login,https://importer.ec21.com/buy-lead/We_Buy_Nylon_Mesh_for--24139405.html,https://importer.ec21.com/GB/tea.html,UNVERIFIED_MARKETPLACE_POST,2026-08-27T21:13:32+00:00,fdfa93baad337cdd932383e423ec9350ac2c6178031e500cf5ddf37c04617ca5,LIVE,WATCHLIST_STALE,发布日期超过365天
ec21,EUROPE,GB,GB,United Kingdom,TEA,tea,We Buy Borosilicate Glass French Press Coffee & Tea Maker,Hi Please can you quote me on your best CIF price and delivery for 1000 units I have a client looking for delivery within 6 weeks,,"3 Aug, 2017",2017-08-03,3312,DIRECT_BUY_REQUIREMENT,True,False,premium_membership_or_login,https://importer.ec21.com/buy-lead/We_Buy_Borosilicate_Glass_French--24124036.html,https://importer.ec21.com/GB/tea.html,UNVERIFIED_MARKETPLACE_POST,2026-08-27T21:13:32+00:00,fdfa93baad337cdd932383e423ec9350ac2c6178031e500cf5ddf37c04617ca5,LIVE,WATCHLIST_STALE,发布日期超过365天
ec21,EUROPE,GB,GB,United Kingdom,TEA,tea,Buy Dried Herbs,We are UK based business selling herbal tea looking for a supplier for dried herbs. Looking for supplier within the EU.,,"30 Apr, 2016",2016-04-30,3772,DIRECT_BUY_REQUIREMENT,True,False,premium_membership_or_login,https://importer.ec21.com/buy-lead/Buy_Dried_Herbs--23968221.html,https://importer.ec21.com/GB/tea.html,UNVERIFIED_MARKETPLACE_POST,2026-08-27T21:13:32+00:00,fdfa93baad337cdd932383e423ec9350ac2c6178031e500cf5ddf37c04617ca5,LIVE,WATCHLIST_STALE,发布日期超过365天
ec21,EUROPE,GB,GB,United Kingdom,TEA,tea,Buy Korean Cosmetics,"tea , daary mask lotus, daary mask edelweiss, witch hazel toner, tea tree toner, milk toner, argan angel moisture s tea m cream, argan angel moisture s tea m cream, fresh coenzyme q10 mask sheet, lkg ludifull in the secret corium care blemish, CharmIng korea the chourte bf monsture cover cream 21.23, argan angel moisture s tea m cream, kiss twinkle gel pencilliner, fresh snailmask sheet, placenta mask s",,"22 Aug, 2015",2015-08-22,4024,REJECTED_SELLER_OR_UNCLEAR,True,False,premium_membership_or_login,https://importer.ec21.com/buy-lead/Buy_Korean_Cosmetics--23855768.html,https://importer.ec21.com/GB/tea.html,UNVERIFIED_MARKETPLACE_POST,2026-08-27T21:13:32+00:00,fdfa93baad337cdd932383e423ec9350ac2c6178031e500cf5ddf37c04617ca5,LIVE,REJECT_SELLER_OR_UNCLEAR,未检测到明确采购意图或含卖方表达
