source_code,category_code,query_slug,record_kind,title,description_raw,buyer_country_raw,buyer_country_code,buyer_identity_claim_raw,published_at_raw,published_at,contact_gate,source_url,listing_url,verification_status,observed_at,snapshot_sha256,data_mode
ec21,MATCHA,matcha,DIRECT_BUY_REQUIREMENT,"We Buy Matcha Powder, Tea From Korea",We're searching for Matcha powder / Tea which is coming originally from Korea. - Payment conditions: 100% T/T in advance - Expected volume: depends on the offered price,Hungary,,,"4 Nov, 2024",2024-11-04,premium_membership_or_login,https://importer.ec21.com/buy-lead/We_Buy_strong_Matcha_strong--24445944.html,https://importer.ec21.com/matcha.html,UNVERIFIED_MARKETPLACE_POST,2026-08-27T20:49:40+00:00,d9af4621dcd01c6a59eb13af09e30f90fb6525af7a5fd36dc3c3b6f5cefa2a1c,LIVE
ec21,MATCHA,matcha,DIRECT_BUY_REQUIREMENT,Looking for Matcha Supplier,"Hello, My name is Robert Pasker, and I am the CEO of Go Matcha Go, on Ohio Green tea distribution company. I am interested in trying your matcha . We are looking to import at least 20kgs of tea within the next few weeks. I am testing Matcha for taste, color, and consistency. We are looking to build relationships with matcha suppliers. We need matcha that is Bright green, soluble and not overly",United States,US,Robert Pasker,"23 Apr, 2014",2014-04-23,premium_membership_or_login,https://importer.ec21.com/buy-lead/Looking_for_strong_Matcha_strong--23557662.html,https://importer.ec21.com/matcha.html,UNVERIFIED_MARKETPLACE_POST,2026-08-27T20:49:40+00:00,d9af4621dcd01c6a59eb13af09e30f90fb6525af7a5fd36dc3c3b6f5cefa2a1c,LIVE
ec21,MATCHA,matcha,DIRECT_BUY_REQUIREMENT,Buy Buy: Matcha Green Tea Powder Organic USDA,I'm a US company seeking Organic Matcha Green Tea Powder for private label from a United States supplier. Please contact me if you meet these requirements.,United States,US,,"17 May, 2014",2014-05-17,premium_membership_or_login,https://importer.ec21.com/buy-lead/Buy_Buy_strong_Matcha_strong--23576234.html,https://importer.ec21.com/matcha.html,UNVERIFIED_MARKETPLACE_POST,2026-08-27T20:49:40+00:00,d9af4621dcd01c6a59eb13af09e30f90fb6525af7a5fd36dc3c3b6f5cefa2a1c,LIVE
ec21,MATCHA,matcha,DIRECT_BUY_REQUIREMENT,Buy Matcha Collagen,"Hello I'm Ingrid, I work for a company that sells Matcha Powder in the US. We are currently looking for a new supplier for both our ceremonial and culinary matcha . If this is something you can help us with please let me know. You may send me an e-mail through ingrid110011 at gmail dot com or you can also add me in skype. My skype username is ingridingridandingrid. Thank you for your time, Ingri",Philippines,,,"12 May, 2017",2017-05-12,premium_membership_or_login,https://importer.ec21.com/buy-lead/Buy_strong_Matcha_strong_Collagen--24101527.html,https://importer.ec21.com/matcha.html,UNVERIFIED_MARKETPLACE_POST,2026-08-27T20:49:40+00:00,d9af4621dcd01c6a59eb13af09e30f90fb6525af7a5fd36dc3c3b6f5cefa2a1c,LIVE
ec21,MATCHA,matcha,DIRECT_BUY_REQUIREMENT,We Buy Japanese Matcha Green Tea,My self Ashish Singh and residing in India country and looking for quotation of organic Japanese matcha green tea to import in india in bulk quantity to sale in india.,India,,,"15 Jun, 2018",2018-06-15,premium_membership_or_login,https://importer.ec21.com/buy-lead/We_Buy_Japanese_strong_Matcha--24187784.html,https://importer.ec21.com/matcha.html,UNVERIFIED_MARKETPLACE_POST,2026-08-27T20:49:40+00:00,d9af4621dcd01c6a59eb13af09e30f90fb6525af7a5fd36dc3c3b6f5cefa2a1c,LIVE
ec21,MATCHA,matcha,DIRECT_BUY_REQUIREMENT,Looking for Green Tea,"we are looking for Green Tea Extract, Matcha and Green Tea Liquid. we prefer CNF port price. Please advise MOQ.",Philippines,,,"26 Jun, 2014",2014-06-26,premium_membership_or_login,https://importer.ec21.com/buy-lead/Looking_for_Green_Tea--23607414.html,https://importer.ec21.com/matcha.html,UNVERIFIED_MARKETPLACE_POST,2026-08-27T20:49:40+00:00,d9af4621dcd01c6a59eb13af09e30f90fb6525af7a5fd36dc3c3b6f5cefa2a1c,LIVE
ec21,MATCHA,matcha,REJECTED_SELLER_OR_UNCLEAR,Buy Fruit Flavor Powder,Matcha Powder Green Tea Extract Powder goji berry powder guyabano (Anona muricata) powder butterfly pea flower powder Kefir Lime Powder Milk Thistle (Liver detoxifying agent) Quercetin Inositol L Theanine niacin (B3) folic acid (B9) riboflavin (B2) cyanocobalamin (B12) pyridoxine hydrochloride (B6) pantothenic acid (B5) Calcium Pantothenate (any weightloss powders that are closest to natural,Australia,,,"7 Dec, 2016",2016-12-07,premium_membership_or_login,https://importer.ec21.com/buy-lead/Buy_Fruit_Flavor_Powder--24052802.html,https://importer.ec21.com/matcha.html,UNVERIFIED_MARKETPLACE_POST,2026-08-27T20:49:40+00:00,d9af4621dcd01c6a59eb13af09e30f90fb6525af7a5fd36dc3c3b6f5cefa2a1c,LIVE
ec21,MATCHA,matcha,DIRECT_BUY_REQUIREMENT,Buy Caffe Latte,"Looking for Maeil caffe latte drinks, primarily Caramel Macchiato and Matcha Latte. Please let me know what your price is and the number of items per pack!",United States,US,,"15 Jul, 2015",2015-07-15,premium_membership_or_login,https://importer.ec21.com/buy-lead/Buy_Caffe_Latte--23834365.html,https://importer.ec21.com/matcha.html,UNVERIFIED_MARKETPLACE_POST,2026-08-27T20:49:40+00:00,d9af4621dcd01c6a59eb13af09e30f90fb6525af7a5fd36dc3c3b6f5cefa2a1c,LIVE
ec21,BLUEBERRY,blueberry,DIRECT_BUY_REQUIREMENT,We Buy Blueberry Seedling,we are elogueil for import and export from Egypt blueberry seedling 5000 pice first order for long tearm withpot or without pot all type price exw,Egypt,,,"16 Feb, 2026",2026-02-16,premium_membership_or_login,https://importer.ec21.com/buy-lead/We_Buy_strong_Blueberry_strong--24456766.html,https://importer.ec21.com/blueberry.html,UNVERIFIED_MARKETPLACE_POST,2026-08-27T20:49:43+00:00,b9ea02c3920201a82f89a2c217d4f48ac99829308995848fb0ea72b531e4db9a,LIVE
ec21,BLUEBERRY,blueberry,DIRECT_BUY_REQUIREMENT,Buy Sweet and Sour Dried Blueberries Organic Dried Blueberries,"We are from Brazil looking for diferentes kinds berry whole fruits, as Blueberry , Chokeberry, Maquiberry.",Brazil,,,"25 Jul, 2014",2014-07-25,premium_membership_or_login,https://importer.ec21.com/buy-lead/Buy_Sweet_and_Sour_Dried--23632514.html,https://importer.ec21.com/blueberry.html,UNVERIFIED_MARKETPLACE_POST,2026-08-27T20:49:43+00:00,b9ea02c3920201a82f89a2c217d4f48ac99829308995848fb0ea72b531e4db9a,LIVE
ec21,BLUEBERRY,blueberry,REJECTED_SELLER_OR_UNCLEAR,"Buy Goodis, My Body N Collagen Blueberry",Dear Sir/Madam We would appreciate if you could kindly submit us a quotation based on minimum and maximum supply of the above item urgently. We have ready market for the above product. Terms : F O B Thank you Shakila Sidik 60172763423 Malaysia,Malaysia,,,"15 Feb, 2014",2014-02-15,premium_membership_or_login,https://importer.ec21.com/buy-lead/Buy_Goodis_My_Body_N--23499126.html,https://importer.ec21.com/blueberry.html,UNVERIFIED_MARKETPLACE_POST,2026-08-27T20:49:43+00:00,b9ea02c3920201a82f89a2c217d4f48ac99829308995848fb0ea72b531e4db9a,LIVE
ec21,BLUEBERRY,blueberry,DIRECT_BUY_REQUIREMENT,Buy Dried BLueberry,"Hi, I am looking for dried blueberry that doesn't need to be transported in refrigerated container. If you have this prodct, please, send email to ammfergie----hotmail.com thank you!",United States,US,,"4 Mar, 2014",2014-03-04,premium_membership_or_login,https://importer.ec21.com/buy-lead/Buy_Dried_strong_BLueberry_strong--23512834.html,https://importer.ec21.com/blueberry.html,UNVERIFIED_MARKETPLACE_POST,2026-08-27T20:49:43+00:00,b9ea02c3920201a82f89a2c217d4f48ac99829308995848fb0ea72b531e4db9a,LIVE
ec21,BLUEBERRY,blueberry,DIRECT_BUY_REQUIREMENT,"Buy Baby Multigrain Cereal with Goat Milk Formula, Blueberry",we are looking for Baby multigrain cereal with goat milk formula and organic flavered with blueberry and other fruit.,China,,,"15 Dec, 2014",2014-12-15,premium_membership_or_login,https://importer.ec21.com/buy-lead/Buy_Baby_Multigrain_Cereal_with--23728753.html,https://importer.ec21.com/blueberry.html,UNVERIFIED_MARKETPLACE_POST,2026-08-27T20:49:43+00:00,b9ea02c3920201a82f89a2c217d4f48ac99829308995848fb0ea72b531e4db9a,LIVE
ec21,BLUEBERRY,blueberry,DIRECT_BUY_REQUIREMENT,Buy IQF Blueberry,"Dear Sir, Have a nice day! This is Liaoning Runduo Biotechnology Co., Ltd., we are interested in importing IQF blueberry ! We need a big quantity and good quality products for China market, please contact me if you can offer! Looking forward to your reply! Best regards! Lilly Liaoning Runduo Biotechnology Co., Ltd.",China,,,"24 Jul, 2015",2015-07-24,premium_membership_or_login,https://importer.ec21.com/buy-lead/Buy_IQF_strong_Blueberry_strong--23839974.html,https://importer.ec21.com/blueberry.html,UNVERIFIED_MARKETPLACE_POST,2026-08-27T20:49:43+00:00,b9ea02c3920201a82f89a2c217d4f48ac99829308995848fb0ea72b531e4db9a,LIVE
ec21,BLUEBERRY,blueberry,DIRECT_BUY_REQUIREMENT,Buy IQF Blueberry,"Dear Sir, Have a nice day! This is Liaoning Runduo Biotechnology Co., Ltd., we are interested in importing IQF blueberry ! We need a big quantity and good quality products for China market, please contact me if you can offer! Looking forward to your reply! Best regards! Lilly Liaoning Runduo Biotechnology Co., Ltd.",China,,,"20 Jul, 2015",2015-07-20,premium_membership_or_login,https://importer.ec21.com/buy-lead/Buy_IQF_strong_Blueberry_strong--23837164.html,https://importer.ec21.com/blueberry.html,UNVERIFIED_MARKETPLACE_POST,2026-08-27T20:49:43+00:00,b9ea02c3920201a82f89a2c217d4f48ac99829308995848fb0ea72b531e4db9a,LIVE
ec21,BLUEBERRY,blueberry,DIRECT_BUY_REQUIREMENT,Buy Frozen Blueberry,"Dear supplier, We need IQF blueberry from Canada. Welcome Canada supplier to send quotation to us. Thank you!",China,,,"9 Apr, 2015",2015-04-09,premium_membership_or_login,https://importer.ec21.com/buy-lead/Buy_Frozen_strong_Blueberry_strong--23784892.html,https://importer.ec21.com/blueberry.html,UNVERIFIED_MARKETPLACE_POST,2026-08-27T20:49:43+00:00,b9ea02c3920201a82f89a2c217d4f48ac99829308995848fb0ea72b531e4db9a,LIVE
ec21,BLUEBERRY,blueberry,DIRECT_BUY_REQUIREMENT,Buy IQF Blueberry,We are looking for supplyers for IQF Blueberry Grade A The quatity: One 40' GP If you supply those pls feel free to contact me We'd like you to Quote CIF Dalian price and pls send me picture and Spec. sheet of you blueberry,China,,,"15 Sep, 2015",2015-09-15,premium_membership_or_login,https://importer.ec21.com/buy-lead/Buy_IQF_strong_Blueberry_strong--23866885.html,https://importer.ec21.com/blueberry.html,UNVERIFIED_MARKETPLACE_POST,2026-08-27T20:49:43+00:00,b9ea02c3920201a82f89a2c217d4f48ac99829308995848fb0ea72b531e4db9a,LIVE
ec21,BLUEBERRY,blueberry,DIRECT_BUY_REQUIREMENT,We Buy BLUEBERRIES,VALGES WWW VALGES COM SPANISH BUSINESS GROUP WE ARE IMPORTERS BLUEBERRI ES STRASBERRIES BERRIES.- ANY KIND ORGANIC FRUIT PULP,Spain,,,"25 Dec, 2022",2022-12-25,premium_membership_or_login,https://importer.ec21.com/buy-lead/We_Buy_strong_BLUEBERRI_strong--24384103.html,https://importer.ec21.com/blueberry.html,UNVERIFIED_MARKETPLACE_POST,2026-08-27T20:49:43+00:00,b9ea02c3920201a82f89a2c217d4f48ac99829308995848fb0ea72b531e4db9a,LIVE
ec21,BLUEBERRY,blueberry,DIRECT_BUY_REQUIREMENT,We Buy Frozen Fruits,"Hello We are looking for frozen mixed berries : -ratio : Mixed ratio 15% raspberry, 25% blueberry , 35% strawberry, 25% blackberry -packaging : plastic transparent bags -weight : 500G per bag -Quality : Grade A , EU standard -Terms : FOB -Quantity : 24 Tons -Destintation port : Le havre port ,france -Target price : 1.6$/KG , 0.8$/500G Note : the supplier who can accept those prices would win a lif",Tunisia,,,"11 Sep, 2025",2025-09-11,premium_membership_or_login,https://importer.ec21.com/buy-lead/We_Buy_Frozen_Fruits--24450604.html,https://importer.ec21.com/blueberry.html,UNVERIFIED_MARKETPLACE_POST,2026-08-27T20:49:43+00:00,b9ea02c3920201a82f89a2c217d4f48ac99829308995848fb0ea72b531e4db9a,LIVE
ec21,BLUEBERRY,blueberry,DIRECT_BUY_REQUIREMENT,We Buy Berries,We need Strawberry Blueberry Blackberry Raspberry Currants Wats app only. 0027652722358 Direct suppliers,South Africa,,,"16 Aug, 2025",2025-08-16,premium_membership_or_login,https://importer.ec21.com/buy-lead/We_Buy_Berries--24449893.html,https://importer.ec21.com/blueberry.html,UNVERIFIED_MARKETPLACE_POST,2026-08-27T20:49:43+00:00,b9ea02c3920201a82f89a2c217d4f48ac99829308995848fb0ea72b531e4db9a,LIVE
ec21,BLUEBERRY,blueberry,DIRECT_BUY_REQUIREMENT,We Buy POUCH BEVERAGES,"We're looking for Pouch-type beverages (Green Grape, Peach, Lemon, Blueberry , Americano, etc.) - Quantity & Specifications: To be negotiated during consultation - HS Code: 2202.99.90 - Trade Terms: To be negotiated during consultation",India,,,"18 Mar, 2025",2025-03-18,premium_membership_or_login,https://importer.ec21.com/buy-lead/We_Buy_POUCH_BEVERAGES--24447332.html,https://importer.ec21.com/blueberry.html,UNVERIFIED_MARKETPLACE_POST,2026-08-27T20:49:43+00:00,b9ea02c3920201a82f89a2c217d4f48ac99829308995848fb0ea72b531e4db9a,LIVE
ec21,BLUEBERRY,blueberry,DIRECT_BUY_REQUIREMENT,Buy IQF Fruit,"We are looking for suppliers who are handling IQF blueberry and raspberry. Origin should be Chile. If anyone who can supply to us, please let me know.",Korea,,,"5 May, 2016",2016-05-05,premium_membership_or_login,https://importer.ec21.com/buy-lead/Buy_IQF_Fruit--23969492.html,https://importer.ec21.com/blueberry.html,UNVERIFIED_MARKETPLACE_POST,2026-08-27T20:49:43+00:00,b9ea02c3920201a82f89a2c217d4f48ac99829308995848fb0ea72b531e4db9a,LIVE
ec21,BLUEBERRY,blueberry,REJECTED_SELLER_OR_UNCLEAR,Buy Grain From Ukraine,We are buying natural oats and blueberry for Korea. We would like to receive your quotation with test report as well as your capacity of supply per month.,Korea,,,"18 Jul, 2014",2014-07-18,premium_membership_or_login,https://importer.ec21.com/buy-lead/Buy_Grain_From_Ukraine--23627092.html,https://importer.ec21.com/blueberry.html,UNVERIFIED_MARKETPLACE_POST,2026-08-27T20:49:43+00:00,b9ea02c3920201a82f89a2c217d4f48ac99829308995848fb0ea72b531e4db9a,LIVE
ec21,BLUEBERRY,blueberry,REJECTED_SELLER_OR_UNCLEAR,Buy HDPE Double Knotted Netting,"Hi I grow Blueberri es in New Zealand, our orchard has been covered for over 20 years with Polyethylene fishing net. I have tried bird netting supplied from other manufactures and the quality and life of these other nets have been disappointing. I found a label from our files from our old netting. It is, SANYO Fishing net Twine - Polyethylene Twine size - 400d/6 mesh size - 1-1/2' St Depth 400MD",New Zealand,,,"28 Jul, 2014",2014-07-28,premium_membership_or_login,https://importer.ec21.com/buy-lead/Buy_HDPE_Double_Knotted_Netting--23635040.html,https://importer.ec21.com/blueberry.html,UNVERIFIED_MARKETPLACE_POST,2026-08-27T20:49:43+00:00,b9ea02c3920201a82f89a2c217d4f48ac99829308995848fb0ea72b531e4db9a,LIVE
ec21,BLUEBERRY,blueberry,REJECTED_SELLER_OR_UNCLEAR,Buy Frozen Strawberry,"we have interest in importing frozen strawberries, kiwi, blueberri es to Angola who has interest can send his offer CIF Luanda / Angola",Angola,,,"21 Dec, 2014",2014-12-21,premium_membership_or_login,https://importer.ec21.com/buy-lead/Buy_Frozen_Strawberry--23732016.html,https://importer.ec21.com/blueberry.html,UNVERIFIED_MARKETPLACE_POST,2026-08-27T20:49:43+00:00,b9ea02c3920201a82f89a2c217d4f48ac99829308995848fb0ea72b531e4db9a,LIVE
ec21,BLUEBERRY,blueberry,DIRECT_BUY_REQUIREMENT,Buy Vodka,"We are looking for Grey Goose Night Edition, Belvedere SIlver Edition and Stolichnaya Blueberry . 200 cases each.",Netherlands,,,"23 May, 2014",2014-05-23,premium_membership_or_login,https://importer.ec21.com/buy-lead/Buy_Vodka--23580876.html,https://importer.ec21.com/blueberry.html,UNVERIFIED_MARKETPLACE_POST,2026-08-27T20:49:43+00:00,b9ea02c3920201a82f89a2c217d4f48ac99829308995848fb0ea72b531e4db9a,LIVE
ec21,BLUEBERRY,blueberry,DIRECT_BUY_REQUIREMENT,Buy Frozen Fruits,"Inquiry for frozen organic fruits and frozen conventional fruits we are interested in frozen organic fruits and frozen conventional fruits in top quality, Grad A, this is absolutely necessary condition. In particular, we seek to: strawberries raspberries sour cherries red currants black currants blueberri es (wild) blackberries We are further interested in long-term business relationship. The decr",Germany,,,"6 Nov, 2014",2014-11-06,premium_membership_or_login,https://importer.ec21.com/buy-lead/Buy_Frozen_Fruits--23704892.html,https://importer.ec21.com/blueberry.html,UNVERIFIED_MARKETPLACE_POST,2026-08-27T20:49:43+00:00,b9ea02c3920201a82f89a2c217d4f48ac99829308995848fb0ea72b531e4db9a,LIVE
ec21,BLUEBERRY,blueberry,DIRECT_BUY_REQUIREMENT,Buy Fresh Golden Delicious Apple,"Dear Sir I have for the past months being looking for a natinal supplier of flavour fragrances in powder form for biverages and i happened to google your address. We will be needing in other to startup or production line some flavours which are strawberry, blueberry , chocolate, peanuts, and brown suger. you can also propose to us what you have in your database Best Regard",Cameroon,,,"2 Feb, 2016",2016-02-02,premium_membership_or_login,https://importer.ec21.com/buy-lead/Buy_Fresh_Golden_Delicious_Apple--23932556.html,https://importer.ec21.com/blueberry.html,UNVERIFIED_MARKETPLACE_POST,2026-08-27T20:49:43+00:00,b9ea02c3920201a82f89a2c217d4f48ac99829308995848fb0ea72b531e4db9a,LIVE
ec21,CHILI,chili,DIRECT_BUY_REQUIREMENT,We Buy Korean Red Pepper Powder / Chili Powder,"Dear Sir/Madam, We are looking to purchase Korean red pepper powder. Please refer to the details below: * Product: Korean Red Pepper Powder / Chili Powder * Quantity: To be confirmed * Specifications: - Food-grade red pepper powder - Suitable for restaurant use and wholesale food distribution - Detailed product specifications, packaging options, shelf life, and relevant food safety certificates a",United States,US,,"10 Jun, 2026",2026-06-10,premium_membership_or_login,https://importer.ec21.com/buy-lead/We_Buy_Korean_Red_Pepper--24461131.html,https://importer.ec21.com/chili.html,UNVERIFIED_MARKETPLACE_POST,2026-08-27T20:49:47+00:00,819f0851430cf42dc09954c48fabfaac0dbfc014c1b7f6ee38102b9aace28a4a,LIVE
ec21,CHILI,chili,DIRECT_BUY_REQUIREMENT,We Buy Gochujang (Korean Red Chili Paste),We're looking for a supplier/manufacturer of Gochujang (Korean Red Chili Paste). - Item Name: Gochujang - Details: Korean red chili paste - Trade Term: FOB - Quantity: To be determined (TBD),United States,US,,"19 Aug, 2025",2025-08-19,premium_membership_or_login,https://importer.ec21.com/buy-lead/We_Buy_Gochujang_Korean_Red--24449921.html,https://importer.ec21.com/chili.html,UNVERIFIED_MARKETPLACE_POST,2026-08-27T20:49:47+00:00,819f0851430cf42dc09954c48fabfaac0dbfc014c1b7f6ee38102b9aace28a4a,LIVE
ec21,CHILI,chili,DIRECT_BUY_REQUIREMENT,We Buy Indian Hot Dried Chili Pepper,"Dear Sir We buy Indian dried hot chili pepper 1000mt, need potential seller has past performances and possible send us detail offer CIF port of Dalian China. togehther with detail specification and pictues. payment by DLC please message to sxs888888at163dotcom John Sun",China,,,"6 Jul, 2021",2021-07-06,premium_membership_or_login,https://importer.ec21.com/buy-lead/We_Buy_Indian_Hot_Dried--24328740.html,https://importer.ec21.com/chili.html,UNVERIFIED_MARKETPLACE_POST,2026-08-27T20:49:47+00:00,819f0851430cf42dc09954c48fabfaac0dbfc014c1b7f6ee38102b9aace28a4a,LIVE
ec21,CHILI,chili,DIRECT_BUY_REQUIREMENT,We Buy Whole Dried Chili Pepper,"Dear Sir/Madam, We Interested in Whole Dried Chili Pepper. If you can provide us, please contact me. Best regards, Fattah Saif",Yemen,,,"29 Jul, 2019",2019-07-29,premium_membership_or_login,https://importer.ec21.com/buy-lead/We_Buy_Whole_Dried_strong--24248410.html,https://importer.ec21.com/chili.html,UNVERIFIED_MARKETPLACE_POST,2026-08-27T20:49:47+00:00,819f0851430cf42dc09954c48fabfaac0dbfc014c1b7f6ee38102b9aace28a4a,LIVE
ec21,CHILI,chili,DIRECT_BUY_REQUIREMENT,"Buy Spices,Pepper,Chily,Cinnamon,Cardamom,Ginger","Dear Sir/Madam, Firstly,let us introduce our firm as LEOADEM LTD,general merchandise. We are very much interested in spices business and will like you to forward more details about your products to us",Nigeria,,,"10 Mar, 2015",2015-03-10,premium_membership_or_login,https://importer.ec21.com/buy-lead/Buy_Spices_Pepper_Chily_Cinnamon--23767113.html,https://importer.ec21.com/chili.html,UNVERIFIED_MARKETPLACE_POST,2026-08-27T20:49:47+00:00,819f0851430cf42dc09954c48fabfaac0dbfc014c1b7f6ee38102b9aace28a4a,LIVE
ec21,CHILI,chili,REJECTED_SELLER_OR_UNCLEAR,Buy Dried Red Chilies,"Hello we are big importer of dried red chili es, we have a stable consumer group worldwide. If you can provide first-class chiles, we will have a good and long cooperation with first order of 200 mt.",United States,US,,"17 Apr, 2015",2015-04-17,premium_membership_or_login,https://importer.ec21.com/buy-lead/Buy_Dried_Red_strong_Chili--23789806.html,https://importer.ec21.com/chili.html,UNVERIFIED_MARKETPLACE_POST,2026-08-27T20:49:47+00:00,819f0851430cf42dc09954c48fabfaac0dbfc014c1b7f6ee38102b9aace28a4a,LIVE
ec21,CHILI,chili,REJECTED_SELLER_OR_UNCLEAR,Buy Mackerel in Thai Chili Paste,"Our company is direct importer/exporter of Tomato Paste. We are looking to start business with reliable manufacturers/suppliers of Tomato paste that are ready to sell their products on exclusivity on their brand name in our market on-going basis. Details as follows: Product: Tomato Paste Brix (%): 28--30% Packaging: 70g*50tins/ctn, 210g*48tins/ctn. Quantity: Minimum order of 4x20ft contain",China,,direct importer/exporter of Tomato Paste,"30 Jan, 2017",2017-01-30,premium_membership_or_login,https://importer.ec21.com/buy-lead/Buy_Mackerel_in_Thai_strong--24067830.html,https://importer.ec21.com/chili.html,UNVERIFIED_MARKETPLACE_POST,2026-08-27T20:49:47+00:00,819f0851430cf42dc09954c48fabfaac0dbfc014c1b7f6ee38102b9aace28a4a,LIVE
ec21,CHILI,chili,REJECTED_SELLER_OR_UNCLEAR,Buy Green Chili,Product Fresh Green Chili Origin India Varieties Dark Green spicy. Size long 3 to 6 Packing 4kg Net Weight. / 4.25kg Gross Weight. In Carton Box. Loading 1x40ft FCL Reefer Container. 3200 box in 1x40ft FCL. Price Per Box/____ in USD. Payment Terms 50%against Original BL Copy in hand and the balance 50% is within 10 days after received the goods. Delivery Port Jebel Ali Port Dubai. Delivery Time,United Arab Emirates,,,"27 Jun, 2014",2014-06-27,premium_membership_or_login,https://importer.ec21.com/buy-lead/Buy_Green_strong_Chili_strong--23608531.html,https://importer.ec21.com/chili.html,UNVERIFIED_MARKETPLACE_POST,2026-08-27T20:49:47+00:00,819f0851430cf42dc09954c48fabfaac0dbfc014c1b7f6ee38102b9aace28a4a,LIVE
ec21,CHILI,chili,DIRECT_BUY_REQUIREMENT,We Buy Dried Red Chili,"Teja Dried Red Chili , required minimum and luxury quality, approximate 40 tons, Please provide best quotation, because lots of supplier in North India Market. I want to grow with you",India,,,"2 Oct, 2019",2019-10-02,premium_membership_or_login,https://importer.ec21.com/buy-lead/We_Buy_Dried_Red_strong--24256334.html,https://importer.ec21.com/chili.html,UNVERIFIED_MARKETPLACE_POST,2026-08-27T20:49:47+00:00,819f0851430cf42dc09954c48fabfaac0dbfc014c1b7f6ee38102b9aace28a4a,LIVE
ec21,CHILI,chili,DIRECT_BUY_REQUIREMENT,We Buy Red Chili Powder,We Buy Red Chili Powder for making Kimchi. - Payment condition: T/T - Expected volume: TBD Looking forward to hearing from qualified suppliers.,Netherlands,,,"15 Jan, 2024",2024-01-15,premium_membership_or_login,https://importer.ec21.com/buy-lead/We_Buy_Red_strong_Chili--24419110.html,https://importer.ec21.com/chili.html,UNVERIFIED_MARKETPLACE_POST,2026-08-27T20:49:47+00:00,819f0851430cf42dc09954c48fabfaac0dbfc014c1b7f6ee38102b9aace28a4a,LIVE
ec21,CHILI,chili,DIRECT_BUY_REQUIREMENT,We Buy Korean Red Pepper Powder,"Dear Sir/Madam, We are looking to purchase Korean red pepper powder. Please refer to the details below: - Product: Korean Red Pepper Powder / Chili Powder - Quantity: To be confirmed - Specifications: * Food-grade red pepper powder * Suitable for import and distribution * Detailed product specifications, packaging options, shelf life, and certificates are requested Interested suppliers are kindly",United States,US,,"10 Jun, 2026",2026-06-10,premium_membership_or_login,https://importer.ec21.com/buy-lead/We_Buy_Korean_Red_Pepper--24461130.html,https://importer.ec21.com/chili.html,UNVERIFIED_MARKETPLACE_POST,2026-08-27T20:49:47+00:00,819f0851430cf42dc09954c48fabfaac0dbfc014c1b7f6ee38102b9aace28a4a,LIVE
ec21,CHILI,chili,DIRECT_BUY_REQUIREMENT,We Buy Foods,"We're a distributor of food products from Asian countries. Satisfying the gastronomic needs of the client is one of our priority tasks. We have been working on the Ukrainian market since 2016 and during our work have established ourselves as a stable and reliable company that is constantly developing. And we're looking for Food as below. - Nori snacks, chips and crackers - Chili sauces - Chili p",Ukraine,,,"31 Mar, 2026",2026-03-31,premium_membership_or_login,https://importer.ec21.com/buy-lead/We_Buy_Foods--24458348.html,https://importer.ec21.com/chili.html,UNVERIFIED_MARKETPLACE_POST,2026-08-27T20:49:47+00:00,819f0851430cf42dc09954c48fabfaac0dbfc014c1b7f6ee38102b9aace28a4a,LIVE
ec21,CHILI,chili,DIRECT_BUY_REQUIREMENT,We Buy Food Additives,"Below is an overview of the products we are interested in. Food Additives and Functional Ingredients Transglutaminase Dextrose Monohydrate Isolated Soy Protein 90%, Emulsion Textured Soy Protein 3-8 mm Monosodium Glutamate (80 mesh) Sodium Tripolyphosphate (STPP) Sodium Citrate (30-100 mesh) Wheat Gluten Poultry Powder Beef Powder Potato Starch Pea Fiber Spices and Seasonings: Chili Flakes Chili",Poland,,,"17 Jan, 2026",2026-01-17,premium_membership_or_login,https://importer.ec21.com/buy-lead/We_Buy_Food_Additives--24455704.html,https://importer.ec21.com/chili.html,UNVERIFIED_MARKETPLACE_POST,2026-08-27T20:49:47+00:00,819f0851430cf42dc09954c48fabfaac0dbfc014c1b7f6ee38102b9aace28a4a,LIVE
ec21,CHILI,chili,DIRECT_BUY_REQUIREMENT,We Buy Ingredients for Food,"We're looking for suppliers of food ingredients and snacks, with interest in the following items: - Chili Sauce, Fish Sauce, Onion Snacks - Specification: Detailed specifications can be provided upon request. - Payment Terms: 100% payment upon inquiry. Other terms are negotiable between the parties. - Expected Quantity: 1 container Interested suppliers are welcome to send us their product catalo",Mozambique,,,"30 May, 2025",2025-05-30,premium_membership_or_login,https://importer.ec21.com/buy-lead/We_Buy_Ingredients_for_Food--24448467.html,https://importer.ec21.com/chili.html,UNVERIFIED_MARKETPLACE_POST,2026-08-27T20:49:47+00:00,819f0851430cf42dc09954c48fabfaac0dbfc014c1b7f6ee38102b9aace28a4a,LIVE
ec21,CHILI,chili,DIRECT_BUY_REQUIREMENT,We Buy Seasonings and Condiments,"We're looking for Salt, pepper, sugar, honey, vinegar, soy sauce, gochujang (Korean chili paste), doenjang (Korean soybean paste), red pepper powder, cooking oil, herbs, spices, various types of soy sauce, and other seasoning and condiment products. - Terms and Conditions: We are looking for Korean domestic companies that can supply high-quality and reliable products. Preparations for export have",United States,US,,"4 Nov, 2024",2024-11-04,premium_membership_or_login,https://importer.ec21.com/buy-lead/We_Buy_Seasonings_and_Condiments--24445943.html,https://importer.ec21.com/chili.html,UNVERIFIED_MARKETPLACE_POST,2026-08-27T20:49:47+00:00,819f0851430cf42dc09954c48fabfaac0dbfc014c1b7f6ee38102b9aace28a4a,LIVE
ec21,CHILI,chili,DIRECT_BUY_REQUIREMENT,Buy All Kinds Paper Waste/ Paper Scrap From World Wide Suppliers,"Chili , Brazil, Guyana, , Panama, Kuracao, Costa Rica, Central America, Gautemala, South Africa, East Africa, West Africa Middle Eastern countries like Saudi Arabia, ubai, Qatar, Oman, Kuwait, Bahrain, as well as other safe African countries of the world We are the the direct buyer. We have got huge requirements every month. We want to buy in containerized only no bulk shipments. We are very serio",United States,US,,"8 Sep, 2014",2014-09-08,premium_membership_or_login,https://importer.ec21.com/buy-lead/Buy_All_Kinds_Paper_Waste--23666822.html,https://importer.ec21.com/chili.html,UNVERIFIED_MARKETPLACE_POST,2026-08-27T20:49:47+00:00,819f0851430cf42dc09954c48fabfaac0dbfc014c1b7f6ee38102b9aace28a4a,LIVE
ec21,CHILI,chili,REJECTED_SELLER_OR_UNCLEAR,Buy Spices,"I have requirement of Indian spices. Chili , coriander, turmeric, cumin seed, black pepper, fennel seed, cardamom, mace, nutmeg, Dill seed, Cinnamon, Chili powder, cloves, curry powder and other masala powder",Japan,,,"4 Feb, 2017",2017-02-04,premium_membership_or_login,https://importer.ec21.com/buy-lead/Buy_Spices--23937385.html,https://importer.ec21.com/chili.html,UNVERIFIED_MARKETPLACE_POST,2026-08-27T20:49:47+00:00,819f0851430cf42dc09954c48fabfaac0dbfc014c1b7f6ee38102b9aace28a4a,LIVE
ec21,CHILI,chili,DIRECT_BUY_REQUIREMENT,Buy pepper sorter,I want to buy a pepper sorter.I want to kown History of chili color sorting machine.I hope you can give me answer,China,,,"22 Mar, 2014",2014-03-22,premium_membership_or_login,https://importer.ec21.com/buy-lead/Buy_pepper_sorter--23529919.html,https://importer.ec21.com/chili.html,UNVERIFIED_MARKETPLACE_POST,2026-08-27T20:49:47+00:00,819f0851430cf42dc09954c48fabfaac0dbfc014c1b7f6ee38102b9aace28a4a,LIVE
ec21,CHILI,chili,REJECTED_SELLER_OR_UNCLEAR,Buy Halal Frozen Whole Chicken Griller,halal chicken meat from thailand and chile we are looking foe a supplier for halall chicken meat from thailand and chili for delevring 4 to 10 containers each week,Netherlands,,,"7 Mar, 2014",2014-03-07,premium_membership_or_login,https://importer.ec21.com/buy-lead/Buy_Halal_Frozen_Whole_Chicken--23516180.html,https://importer.ec21.com/chili.html,UNVERIFIED_MARKETPLACE_POST,2026-08-27T20:49:47+00:00,819f0851430cf42dc09954c48fabfaac0dbfc014c1b7f6ee38102b9aace28a4a,LIVE
ec21,CHILI,chili,REJECTED_SELLER_OR_UNCLEAR,Buy Spices,below are the spices we wish to buy WHITE & BLACK PEPPER BLACK PEPPER POWDER GARLIC POWDER DRY GINGER POWDER CURRY LEAVES CHILLY WHOLE CUMIN WHOLE CADAMOMS CORIANDER SEEDS CUMIN POWDER CORIANDUM POWDER CHILI POWDER TUMERIC TUMERIC FINGER,Cameroon,,,"17 Jul, 2014",2014-07-17,premium_membership_or_login,https://importer.ec21.com/buy-lead/Buy_Spices--23512896.html,https://importer.ec21.com/chili.html,UNVERIFIED_MARKETPLACE_POST,2026-08-27T20:49:47+00:00,819f0851430cf42dc09954c48fabfaac0dbfc014c1b7f6ee38102b9aace28a4a,LIVE
ec21,CHILI,chilli,DIRECT_BUY_REQUIREMENT,We Buy S17 Teja Chilli,"Style: Dried Moisture: 10% Max Size: 8 to 10 cm (size is negotiable depending according to the rates quoted) Loose seed: 3% Max Foreign Seeds: 3% Max Hotness: 80,000 to 100,000 SHU Quantity Required: 3 x 40 FCL Packing: 25 KG PP Bag Destination Port: Jebel Ali Port, UAE Country of Origin: India Requirement: Every 45 days",United Arab Emirates,,,"22 Jun, 2026",2026-06-22,premium_membership_or_login,https://importer.ec21.com/buy-lead/We_Buy_S17_Teja_strong--24461586.html,https://importer.ec21.com/chilli.html,UNVERIFIED_MARKETPLACE_POST,2026-08-27T20:49:49+00:00,22923656c91bc8394131ba23aa45252ed796eb2b1c3c3e5291641d666fef723e,LIVE
ec21,CHILI,chilli,DIRECT_BUY_REQUIREMENT,We Buy G4 Green Chilli,"Grade: A Sizing: Approx: 5 cm Shelf life: Min: 2 weeks (upon arrival) Packaging: 3.8/4 kg net weight Carton Quantity Required: 3 x 40 FCL Reefer Origin: India Shipping Terms: CIF/CNF Destination Port: Jebel Ali Port, UAE Requirement: Every 30 days",United Arab Emirates,,,"18 Jun, 2026",2026-06-18,premium_membership_or_login,https://importer.ec21.com/buy-lead/We_Buy_G4_Green_strong--24461466.html,https://importer.ec21.com/chilli.html,UNVERIFIED_MARKETPLACE_POST,2026-08-27T20:49:49+00:00,22923656c91bc8394131ba23aa45252ed796eb2b1c3c3e5291641d666fef723e,LIVE
ec21,CHILI,chilli,DIRECT_BUY_REQUIREMENT,We Buy Red Jalapeno Pickles/ Mashed Chilli,We’re looking for suppliers of Red Jalapeño Pickle and Mashed Chilli . - Payment Condition: To be decided - Quantity: To be decided,South Africa,,,"17 Sep, 2025",2025-09-17,premium_membership_or_login,https://importer.ec21.com/buy-lead/We_Buy_Red_Jalapeno_Pickles--24450851.html,https://importer.ec21.com/chilli.html,UNVERIFIED_MARKETPLACE_POST,2026-08-27T20:49:49+00:00,22923656c91bc8394131ba23aa45252ed796eb2b1c3c3e5291641d666fef723e,LIVE
ec21,CHILI,chilli,DIRECT_BUY_REQUIREMENT,We Buy Red Chilli,We have a requirement for Red Chilli Red Chilly without stem Teja-s-17 packing 25 kg P.P Bag Quantity : 3 container,United Arab Emirates,,,"18 Sep, 2024",2024-09-18,premium_membership_or_login,https://importer.ec21.com/buy-lead/We_Buy_Red_strong_Chilli--24442487.html,https://importer.ec21.com/chilli.html,UNVERIFIED_MARKETPLACE_POST,2026-08-27T20:49:49+00:00,22923656c91bc8394131ba23aa45252ed796eb2b1c3c3e5291641d666fef723e,LIVE
ec21,CHILI,chilli,DIRECT_BUY_REQUIREMENT,We Buy Crushed Chilly,Crushed chilly quantity : 3 container Buying frequency : Monthly Shipment : CIF Payment term : TT,United Arab Emirates,,,"26 Aug, 2024",2024-08-26,premium_membership_or_login,https://importer.ec21.com/buy-lead/We_Buy_Crushed_Chilly--24440378.html,https://importer.ec21.com/chilli.html,UNVERIFIED_MARKETPLACE_POST,2026-08-27T20:49:49+00:00,22923656c91bc8394131ba23aa45252ed796eb2b1c3c3e5291641d666fef723e,LIVE
ec21,CHILI,chilli,DIRECT_BUY_REQUIREMENT,We Buy Red Chilly,Red Chilly Quantity : 2 Container Buying frequency : Monthly Shipment : CIF Payment term : TT,United Arab Emirates,,,"26 Aug, 2024",2024-08-26,premium_membership_or_login,https://importer.ec21.com/buy-lead/We_Buy_Red_Chilly--24440377.html,https://importer.ec21.com/chilli.html,UNVERIFIED_MARKETPLACE_POST,2026-08-27T20:49:49+00:00,22923656c91bc8394131ba23aa45252ed796eb2b1c3c3e5291641d666fef723e,LIVE
ec21,CHILI,chilli,DIRECT_BUY_REQUIREMENT,Buy Red Dry Chillies,"I am searching for a good supplier of dried red chilli es, the product is required for further production of spices. Product type: Red Chilli Style: Dried Shape: Stick Weight: 25 Drying Process: AD Color: Red Shelf Life: 1yr",United States,US,,"17 May, 2015",2015-05-17,premium_membership_or_login,https://importer.ec21.com/buy-lead/Buy_Red_Dry_strong_Chilli--23807113.html,https://importer.ec21.com/chilli.html,UNVERIFIED_MARKETPLACE_POST,2026-08-27T20:49:49+00:00,22923656c91bc8394131ba23aa45252ed796eb2b1c3c3e5291641d666fef723e,LIVE
ec21,CHILI,chilli,DIRECT_BUY_REQUIREMENT,Buy Chilli and Chilli Powder,i am in urgent need of dry red chilli from MYANMAR. who can supply? please contact me asap mailbox:008615989946282,China,,,"19 Nov, 2015",2015-11-19,premium_membership_or_login,https://importer.ec21.com/buy-lead/Buy_strong_Chilli_strong_and--23895001.html,https://importer.ec21.com/chilli.html,UNVERIFIED_MARKETPLACE_POST,2026-08-27T20:49:49+00:00,22923656c91bc8394131ba23aa45252ed796eb2b1c3c3e5291641d666fef723e,LIVE
ec21,CHILI,chilli,REJECTED_SELLER_OR_UNCLEAR,Buy Red chilli,"Dear Madam/Sir, We are making shipments of Indian Cummin Seeds 99% to China @ US$ 1680 C&F PER TON. Please let us know your interest. Thanks and regards, M. Lakshmanan ++ 91 9831223629 SRINATH EXPORTS INDIA.",India,,,"1 Jul, 2014",2014-07-01,premium_membership_or_login,https://importer.ec21.com/buy-lead/Buy_Red_strong_chilli_strong--23611734.html,https://importer.ec21.com/chilli.html,UNVERIFIED_MARKETPLACE_POST,2026-08-27T20:49:49+00:00,22923656c91bc8394131ba23aa45252ed796eb2b1c3c3e5291641d666fef723e,LIVE
ec21,CHILI,chilli,DIRECT_BUY_REQUIREMENT,"Buy Betel Nuts, Cloves , Fresh Dry Pepper , Chillies",we want to buy/import dried spices product like clove/pepper/ginger/betel nuts/turmeric /etc.in bulk please conatct me.,India,,,"21 Nov, 2016",2016-11-21,premium_membership_or_login,https://importer.ec21.com/buy-lead/Buy_Betel_Nuts_Cloves_Fresh--24047003.html,https://importer.ec21.com/chilli.html,UNVERIFIED_MARKETPLACE_POST,2026-08-27T20:49:49+00:00,22923656c91bc8394131ba23aa45252ed796eb2b1c3c3e5291641d666fef723e,LIVE
ec21,CHILI,chilli,DIRECT_BUY_REQUIREMENT,We Buy Dry Red Chilli,"We need to buy large quantity of dry red chilli with high spiciness, the spiciness should be 150,000 SHU minimum. Monthly demand around 500MT please send test report,pictures of dry chilli and price of FOB, the destination is China port.",China,,,"1 Jun, 2022",2022-06-01,premium_membership_or_login,https://importer.ec21.com/buy-lead/We_Buy_Dry_Red_strong--24362507.html,https://importer.ec21.com/chilli.html,UNVERIFIED_MARKETPLACE_POST,2026-08-27T20:49:49+00:00,22923656c91bc8394131ba23aa45252ed796eb2b1c3c3e5291641d666fef723e,LIVE
ec21,CHILI,chilli,REJECTED_SELLER_OR_UNCLEAR,We Buy Dry Red Chilli,"We want to purchase large quantity and good quality dry red chilli for a long time. the more hot, the much better. Our customer prefer to hot and very hot chilli . If you are able to supply it, you may contact me. PLease send your price on CIF China main port.",China,,,"6 May, 2022",2022-05-06,premium_membership_or_login,https://importer.ec21.com/buy-lead/We_Buy_Dry_Red_strong--24359189.html,https://importer.ec21.com/chilli.html,UNVERIFIED_MARKETPLACE_POST,2026-08-27T20:49:49+00:00,22923656c91bc8394131ba23aa45252ed796eb2b1c3c3e5291641d666fef723e,LIVE
ec21,CHILI,chilli,REJECTED_SELLER_OR_UNCLEAR,Buy Dry Guntur Red Chilli -Teja,"Stemless Teja Chilli is the hottest chilli in India. Those who want high peppery flavour in their cuisines prefers stemless teja chilli es. Teja chilli es due to very high pungency is highly used in many Indian, Chinese, Thai, American, Korean, Japanese, Italian, Mexican, Italian & Spainish cuisines. It is used in preparations of meat which make it very yummy and mouth watering. Teja chilli es are a",India,,,"19 Aug, 2015",2015-08-19,premium_membership_or_login,https://importer.ec21.com/buy-lead/Buy_Dry_Guntur_Red_strong--23854134.html,https://importer.ec21.com/chilli.html,UNVERIFIED_MARKETPLACE_POST,2026-08-27T20:49:49+00:00,22923656c91bc8394131ba23aa45252ed796eb2b1c3c3e5291641d666fef723e,LIVE
ec21,CHILI,chilli,DIRECT_BUY_REQUIREMENT,We Buy Chilly and Turmeric Powder,Please provide quotation to the following requirement from importer - Product Name : Spices Specifications : Type : Chilly And Turmeric Powder Form : Powder Quantity Required : 2 X 20'FCL Monthly Packaging Terms : 10 Kg Per Bag Shipping Terms : CIF Destination Port : Saudi Arabia Payment Terms : T/T Looking for suppliers from : worldwide Contact : me directly on my company email below. Best Regar,Brazil,,email below,"15 Jun, 2018",2018-06-15,premium_membership_or_login,https://importer.ec21.com/buy-lead/We_Buy_Chilly_and_Turmeric--24187769.html,https://importer.ec21.com/chilli.html,UNVERIFIED_MARKETPLACE_POST,2026-08-27T20:49:49+00:00,22923656c91bc8394131ba23aa45252ed796eb2b1c3c3e5291641d666fef723e,LIVE
ec21,CHILI,chilli,DIRECT_BUY_REQUIREMENT,We Buy Dry Chilly,Looking for buy dry red chilly for regular basis around the years. Brand: Byadgi-Stemless Packed: 10kg jute bags Port: Klang,Malaysia,,,"12 Dec, 2018",2018-12-12,premium_membership_or_login,https://importer.ec21.com/buy-lead/We_Buy_Dry_Chilly--24217408.html,https://importer.ec21.com/chilli.html,UNVERIFIED_MARKETPLACE_POST,2026-08-27T20:49:49+00:00,22923656c91bc8394131ba23aa45252ed796eb2b1c3c3e5291641d666fef723e,LIVE
ec21,CHILI,chilli,DIRECT_BUY_REQUIREMENT,"We Buy Copper Concentrate From Brazil, Peru, Chilli","We Required Copper Concentrate 8000 To 10000 MT Per Month Origin Should be Brazil, Peru, Chilli , Canada or Any where from South America Refinery or Direct Mandate Only can Contact to Me Directly Contact Us Immediate",India,,,"3 Aug, 2020",2020-08-03,premium_membership_or_login,https://importer.ec21.com/buy-lead/We_Buy_Copper_Concentrate_From--24296149.html,https://importer.ec21.com/chilli.html,UNVERIFIED_MARKETPLACE_POST,2026-08-27T20:49:49+00:00,22923656c91bc8394131ba23aa45252ed796eb2b1c3c3e5291641d666fef723e,LIVE
ec21,CHILI,chilli,REJECTED_SELLER_OR_UNCLEAR,Red chilly powder,Respected sir and madam have a great day i hope you are doing well we deals all kind of agro products currently required Red chilly powder please let me know if you agree waiting for good response,United Arab Emirates,,,"12 Jan, 2023",2023-01-12,premium_membership_or_login,https://importer.ec21.com/buy-lead/Red_chilly_powder--24384882.html,https://importer.ec21.com/chilli.html,UNVERIFIED_MARKETPLACE_POST,2026-08-27T20:49:49+00:00,22923656c91bc8394131ba23aa45252ed796eb2b1c3c3e5291641d666fef723e,LIVE
ec21,CHILI,chilli,DIRECT_BUY_REQUIREMENT,We Buy Hanmi F3 Chilli Bbq Sauce,"Hii i am small business owner, looking for chilli bbq foodrella sauce. Right now i am looking in small quantity bcz i have only one store",Canada,,,"19 Nov, 2023",2023-11-19,premium_membership_or_login,https://importer.ec21.com/buy-lead/We_Buy_Hanmi_F3_strong--24414062.html,https://importer.ec21.com/chilli.html,UNVERIFIED_MARKETPLACE_POST,2026-08-27T20:49:49+00:00,22923656c91bc8394131ba23aa45252ed796eb2b1c3c3e5291641d666fef723e,LIVE
ec21,CHILI,chilli,DIRECT_BUY_REQUIREMENT,We Buy fresh fruits and Vege,"Pakeeza Greetings of the day I hope you are doing well Our Requirements ( fresh fruits and Vege) ONION , POMAGRANT , BANANA , GREEN CHILLI , so if you interested to join with us in our business we are sure you will have a golden chance to do big volumes of Business. Kindly Serious suppliers and exporters contact me",United Arab Emirates,,,"11 Mar, 2026",2026-03-11,premium_membership_or_login,https://importer.ec21.com/buy-lead/We_Buy_fresh_fruits_and--24457564.html,https://importer.ec21.com/chilli.html,UNVERIFIED_MARKETPLACE_POST,2026-08-27T20:49:49+00:00,22923656c91bc8394131ba23aa45252ed796eb2b1c3c3e5291641d666fef723e,LIVE
ec21,CHILI,chilli,REJECTED_SELLER_OR_UNCLEAR,We Buy Spices,"Exim world corporation is a part of group of companys having interest in diversified fields, commodities and trade. Apart from providing FINANCIAL SERVICES. ,( Project Funding, Lease SBLC, FC-BG + others ) . .... we ( eximworldcorp at gmailcom ) are exporters, importers and manufacturers having head office in Mumbai. WE SELL Rice, Yellow Corn, Maize Starch, SPICES (Red Chilli , Turmeric, Cumin See",India,,,"2 Jan, 2025",2025-01-02,premium_membership_or_login,https://importer.ec21.com/buy-lead/We_Buy_Spices--10561016.html,https://importer.ec21.com/chilli.html,UNVERIFIED_MARKETPLACE_POST,2026-08-27T20:49:49+00:00,22923656c91bc8394131ba23aa45252ed796eb2b1c3c3e5291641d666fef723e,LIVE
ec21,TEA,tea,DIRECT_BUY_REQUIREMENT,We Buy Lipton Tea,"Hello, We looking for a product with the U.S. seal of approval that contains 104 Pieces per pack of Lipton Tea and must be wrapped with paper inside. We will be purchasing 40FT containers on a Regular basis, once every Two Months. We only want sellers who can offer the Best Price and will not consider unreliable sellers. I have contacted many sellers but none of them are reliable. The port of",Korea,,,"25 Apr, 2026",2026-04-25,premium_membership_or_login,https://importer.ec21.com/buy-lead/We_Buy_Lipton_strong_Tea--24443684.html,https://importer.ec21.com/tea.html,UNVERIFIED_MARKETPLACE_POST,2026-08-27T20:49:52+00:00,56a0cfa0611f9dcce9a83e4808b7b5ec3402cb5834d9a6c685fc44719fe8fe6d,LIVE
ec21,TEA,tea,DIRECT_BUY_REQUIREMENT,We Buy Black Tea,My company urgently need Black tea power 1 x 20 ft countainer for 6 month worldwide manufacturer and supplier feel free contact us urgently,Pakistan,,urgently need Black tea power 1 x 20 ft countainer for 6 month worldwide manufacturer and supplier f,"28 Jul, 2026",2026-07-28,premium_membership_or_login,https://importer.ec21.com/buy-lead/We_Buy_Black_strong_Tea--24462265.html,https://importer.ec21.com/tea.html,UNVERIFIED_MARKETPLACE_POST,2026-08-27T20:49:52+00:00,56a0cfa0611f9dcce9a83e4808b7b5ec3402cb5834d9a6c685fc44719fe8fe6d,LIVE
ec21,TEA,tea,DIRECT_BUY_REQUIREMENT,We Buy Green Tea,"Dear Sir/Madam, I am looking to source the following: Tea Quantity: 2500 MT Trade Terms: FOB, CFR, CIF Payment Term: T/T Destination Port: Lome, Togo Seaport I would appreciate if you could provide me with your best pricing in line with the target unit price and lead time for delivery. Additionally, please indicate the shipping methods available for this order. Thank you for your prompt assistanc",Togo,,,"11 Jul, 2026",2026-07-11,premium_membership_or_login,https://importer.ec21.com/buy-lead/We_Buy_Green_strong_Tea--24462107.html,https://importer.ec21.com/tea.html,UNVERIFIED_MARKETPLACE_POST,2026-08-27T20:49:52+00:00,56a0cfa0611f9dcce9a83e4808b7b5ec3402cb5834d9a6c685fc44719fe8fe6d,LIVE
ec21,TEA,tea,DIRECT_BUY_REQUIREMENT,We Buy Korean Yuja Tea & Other Food & Beverage Products,"Shanghai Zhome Trading Company is currently looking for Korean yuja tea and other food & beverage products. We have already imported Korean yuja tea and is currently selling the products through its B2B distribution channels in China. We are interested in sourcing additional Korean food and beverage products, especially yuja tea products. [Product of Interest] - Item: Yuja Tea and Other Food & Be",China,,,"6 May, 2026",2026-05-06,premium_membership_or_login,https://importer.ec21.com/buy-lead/We_Buy_Korean_Yuja_strong--24459652.html,https://importer.ec21.com/tea.html,UNVERIFIED_MARKETPLACE_POST,2026-08-27T20:49:52+00:00,56a0cfa0611f9dcce9a83e4808b7b5ec3402cb5834d9a6c685fc44719fe8fe6d,LIVE
ec21,TEA,tea,DIRECT_BUY_REQUIREMENT,We Buy Herbal Tea Beverage for Import,"we are and importer base in vietnam, currently seeking reliable manufactures or exporters of bottled herbal tea bevarage,...",Vietnam,,,"28 Mar, 2026",2026-03-28,premium_membership_or_login,https://importer.ec21.com/buy-lead/We_Buy_Herbal_strong_Tea--24458244.html,https://importer.ec21.com/tea.html,UNVERIFIED_MARKETPLACE_POST,2026-08-27T20:49:52+00:00,56a0cfa0611f9dcce9a83e4808b7b5ec3402cb5834d9a6c685fc44719fe8fe6d,LIVE
ec21,TEA,tea,DIRECT_BUY_REQUIREMENT,We Buy Herbal Tea Beverage for Import,"we are an import company based in Viet Nam, currently seeking reliable manufactures or exporters of bottled herbal tea beverages....",Vietnam,,,"18 Feb, 2026",2026-02-18,premium_membership_or_login,https://importer.ec21.com/buy-lead/We_Buy_Herbal_strong_Tea--24456846.html,https://importer.ec21.com/tea.html,UNVERIFIED_MARKETPLACE_POST,2026-08-27T20:49:52+00:00,56a0cfa0611f9dcce9a83e4808b7b5ec3402cb5834d9a6c685fc44719fe8fe6d,LIVE
ec21,TEA,tea,DIRECT_BUY_REQUIREMENT,We Buy Herbal Tea and Herbal Tea Blends,we are looking for reliable supplier of herbal tea and herbal tea blends for long term cooperation.....,Vietnam,,,"15 Feb, 2026",2026-02-15,premium_membership_or_login,https://importer.ec21.com/buy-lead/We_Buy_Herbal_strong_Tea--24456746.html,https://importer.ec21.com/tea.html,UNVERIFIED_MARKETPLACE_POST,2026-08-27T20:49:52+00:00,56a0cfa0611f9dcce9a83e4808b7b5ec3402cb5834d9a6c685fc44719fe8fe6d,LIVE
ec21,TEA,tea,DIRECT_BUY_REQUIREMENT,We Buy GINSENG TEA,"We're an IMPORTERS OF TEA AND COFFEE and EXPORTER OF MANGOES in India. Currently, we're looking for GINSEN TEA . - Specification and amount : 1000 - Usage : Retail - Specific intention to purchase : 1month",India,,,"13 Jan, 2026",2026-01-13,premium_membership_or_login,https://importer.ec21.com/buy-lead/We_Buy_GINSENG_strong_TEA--24455610.html,https://importer.ec21.com/tea.html,UNVERIFIED_MARKETPLACE_POST,2026-08-27T20:49:52+00:00,56a0cfa0611f9dcce9a83e4808b7b5ec3402cb5834d9a6c685fc44719fe8fe6d,LIVE
ec21,TEA,tea,DIRECT_BUY_REQUIREMENT,We Buy Steel Tea Cup Sets From Manufacturer,"I want to buy all type of steel tea cup sets .. .. from manufacturers for bulk export , call me 9820293151 , madhurisarees.in",India,,,"13 May, 2025",2025-05-13,premium_membership_or_login,https://importer.ec21.com/buy-lead/We_Buy_Steel_strong_Tea--24448159.html,https://importer.ec21.com/tea.html,UNVERIFIED_MARKETPLACE_POST,2026-08-27T20:49:52+00:00,56a0cfa0611f9dcce9a83e4808b7b5ec3402cb5834d9a6c685fc44719fe8fe6d,LIVE
ec21,TEA,tea,DIRECT_BUY_REQUIREMENT,We Buy Green Tea,Hello Supplier We are soucing for HEALTHY GREEN TEA Tea Green Green Extract Rooibos tea Sage tea Ginger tea Hibiscus tea Anti-Adipeux Tea Peppermint tea Echinacea tea Chamomile tea Contact Us for more details,Benin,,,"9 Apr, 2025",2025-04-09,premium_membership_or_login,https://importer.ec21.com/buy-lead/We_Buy_Green_strong_Tea--24447616.html,https://importer.ec21.com/tea.html,UNVERIFIED_MARKETPLACE_POST,2026-08-27T20:49:52+00:00,56a0cfa0611f9dcce9a83e4808b7b5ec3402cb5834d9a6c685fc44719fe8fe6d,LIVE
ec21,TEA,tea,DIRECT_BUY_REQUIREMENT,We Buy Green Tea,Hello Supplier We are soucing for HEALTHY GREEN TEA Tea Green Green Extract Anti-Adipeux Tea Contact Us for more details,Benin,,,"9 Apr, 2025",2025-04-09,premium_membership_or_login,https://importer.ec21.com/buy-lead/We_Buy_Green_strong_Tea--24447615.html,https://importer.ec21.com/tea.html,UNVERIFIED_MARKETPLACE_POST,2026-08-27T20:49:52+00:00,56a0cfa0611f9dcce9a83e4808b7b5ec3402cb5834d9a6c685fc44719fe8fe6d,LIVE
ec21,TEA,tea,DIRECT_BUY_REQUIREMENT,We Buy Green Tea,Hello Supplier We are soucing for HEALTHY GREEN TEA Tea Green Green Extract Anti-Adipeux Tea Contact Us for more details,Benin,,,"9 Apr, 2025",2025-04-09,premium_membership_or_login,https://importer.ec21.com/buy-lead/We_Buy_Green_strong_Tea--24447614.html,https://importer.ec21.com/tea.html,UNVERIFIED_MARKETPLACE_POST,2026-08-27T20:49:52+00:00,56a0cfa0611f9dcce9a83e4808b7b5ec3402cb5834d9a6c685fc44719fe8fe6d,LIVE
ec21,TEA,tea,DIRECT_BUY_REQUIREMENT,We Buy Steel Tea Cup Sets From Manufacturer,"I want to buy all types of Steel tea cup sets , kitchenware items .. .. for bulk export call me 9820293151 , madhurisarees.in ,",India,,,"21 Mar, 2025",2025-03-21,premium_membership_or_login,https://importer.ec21.com/buy-lead/We_Buy_Steel_strong_Tea--24447371.html,https://importer.ec21.com/tea.html,UNVERIFIED_MARKETPLACE_POST,2026-08-27T20:49:52+00:00,56a0cfa0611f9dcce9a83e4808b7b5ec3402cb5834d9a6c685fc44719fe8fe6d,LIVE
ec21,TEA,tea,DIRECT_BUY_REQUIREMENT,"We Buy Beverages (Juice, Carbonated Drinks, Tea , Coffee, Etc.)","We're looking for Beverages (Juice, Carbonated Drinks, Tea , Coffee, etc.) - Details: Seeking to supply and distribute these products through local offline stores and online distribution channels. - Desired Purchase Volume: To be negotiated upon contract agreement. We have extensive experience in China-Korea trade and is currently supplying products through welfare platforms and other distribution",China,,,"19 Mar, 2025",2025-03-19,premium_membership_or_login,https://importer.ec21.com/buy-lead/We_Buy_Beverages_Juice_Carbonated--24447343.html,https://importer.ec21.com/tea.html,UNVERIFIED_MARKETPLACE_POST,2026-08-27T20:49:52+00:00,56a0cfa0611f9dcce9a83e4808b7b5ec3402cb5834d9a6c685fc44719fe8fe6d,LIVE
ec21,TEA,tea,DIRECT_BUY_REQUIREMENT,We Buy Citron Tea,"We're looking for Citron Tea . - Payment condition: T/T - Quantity: to be confirmed - Major importing country: Korea, Japan",Hong Kong,,,"18 Mar, 2025",2025-03-18,premium_membership_or_login,https://importer.ec21.com/buy-lead/We_Buy_Citron_strong_Tea--24447334.html,https://importer.ec21.com/tea.html,UNVERIFIED_MARKETPLACE_POST,2026-08-27T20:49:52+00:00,56a0cfa0611f9dcce9a83e4808b7b5ec3402cb5834d9a6c685fc44719fe8fe6d,LIVE
ec21,TEA,tea,DIRECT_BUY_REQUIREMENT,Buy Organic Dried Herb Tea,"Brief Description Buy Organic herb tea raw materials. The origin or export place: Europe ORGANIC CERTIFICATE NEEDS. We are looking for suppliers of the organic herb tea raw materials, who manage and control their own farm. Our wanted organic herb tea is as below; - Organic Rosemary - Organic Peppermint - Organic Chamomile - Organic Lavender and we also plan to import other tea s. The bulk raw mate",Korea,,,"28 Feb, 2025",2025-02-28,premium_membership_or_login,https://importer.ec21.com/buy-lead/Buy_Organic_Dried_Herb_strong--9027135.html,https://importer.ec21.com/tea.html,UNVERIFIED_MARKETPLACE_POST,2026-08-27T20:49:52+00:00,56a0cfa0611f9dcce9a83e4808b7b5ec3402cb5834d9a6c685fc44719fe8fe6d,LIVE
ec21,TEA,tea,DIRECT_BUY_REQUIREMENT,We Buy Powdered Tea,"We're looking for Korean food and household goods wholesale and retail distributor. [ Interested Items] - Powdered tea in stick form (yuzu tea , ginger tea , misugaru, etc.) - Request for product information and unit price details - Preference for tea and beverage stick products with easy-cut opening",Germany,,,"31 Jan, 2025",2025-01-31,premium_membership_or_login,https://importer.ec21.com/buy-lead/We_Buy_Powdered_strong_Tea--24446862.html,https://importer.ec21.com/tea.html,UNVERIFIED_MARKETPLACE_POST,2026-08-27T20:49:52+00:00,56a0cfa0611f9dcce9a83e4808b7b5ec3402cb5834d9a6c685fc44719fe8fe6d,LIVE
ec21,TEA,tea,DIRECT_BUY_REQUIREMENT,We Buy Green Tea & Black Tea,We're looking for Organic green and black loose leaf tea 1) Specifications of the item: Tea : green and black. No tea bags but only loose leaf tea per kg. 2) Payment condition: FOB 3) Quantity: TBD,Finland,,,"18 Nov, 2024",2024-11-18,premium_membership_or_login,https://importer.ec21.com/buy-lead/We_Buy_Green_strong_Tea--24446174.html,https://importer.ec21.com/tea.html,UNVERIFIED_MARKETPLACE_POST,2026-08-27T20:49:52+00:00,56a0cfa0611f9dcce9a83e4808b7b5ec3402cb5834d9a6c685fc44719fe8fe6d,LIVE
ec21,TEA,tea,DIRECT_BUY_REQUIREMENT,We Buy Korean Tea,"We're looking for Flower tea , Korean tea , traditional tea , herbal tea . - Terms and Conditions: We are looking for a reliable local company that uses quality, domestically sourced ingredients to supply trustworthy products. The company should be ready for export and able to ensure product quantity and quality, with preference given to those open to a long-term partnership.",United States,US,,"12 Nov, 2024",2024-11-12,premium_membership_or_login,https://importer.ec21.com/buy-lead/We_Buy_Korean_strong_Tea--24446046.html,https://importer.ec21.com/tea.html,UNVERIFIED_MARKETPLACE_POST,2026-08-27T20:49:52+00:00,56a0cfa0611f9dcce9a83e4808b7b5ec3402cb5834d9a6c685fc44719fe8fe6d,LIVE
ec21,TEA,tea,DIRECT_BUY_REQUIREMENT,"We Buy Matcha Powder, Tea From Korea",We're searching for Matcha powder / Tea which is coming originally from Korea. - Payment conditions: 100% T/T in advance - Expected volume: depends on the offered price,Hungary,,,"4 Nov, 2024",2024-11-04,premium_membership_or_login,https://importer.ec21.com/buy-lead/We_Buy_Matcha_Powder_strong--24445944.html,https://importer.ec21.com/tea.html,UNVERIFIED_MARKETPLACE_POST,2026-08-27T20:49:52+00:00,56a0cfa0611f9dcce9a83e4808b7b5ec3402cb5834d9a6c685fc44719fe8fe6d,LIVE
