as_of,source_code,category_code,title,description_raw,buyer_name_raw,buyer_company_raw,buyer_country_code,published_at,deadline,quantity_raw,destination_raw,buyer_verification,buyer_identity_level,source_url,contact_gate,data_provenance,fit_status,four_dimension_score_100
2026-08-28,tradewheel,TEA,Buying Green Tea For Retail And Beverage Supply,"Import green tea for beverage and retail supply; loose leaf, bags or matcha; premium or organic grade.",Tony Valenzuela,,US,2025-11-23,,,United States,UNVERIFIED_MARKETPLACE_POST,NAMED_PERSON,https://www.tradewheel.com/buyers/tea-beverage/usa/,platform_contact_buyer,PUBLIC_PAGE_SEARCH_INDEX_SNAPSHOT,RECENT_NEEDS_COMPANY_VERIFICATION,75
2026-08-28,tradewheel,TEA,Buying Black Tea - Quantity Depending on Price,Buyer requests black tea; quantity depends on price; country USA.,Brandon Middleton,,US,2026-08-20,,Depends on price,United States,UNVERIFIED_MARKETPLACE_POST,NAMED_PERSON,https://www.tradewheel.com/buyers/tea/,platform_contact_buyer,PUBLIC_PAGE_SEARCH_INDEX_SNAPSHOT,RECENT_NEEDS_COMPANY_VERIFICATION,80
2026-08-28,tradewheel,TEA,Purchasing Request For Black Tea with Consistent Quality,"Buyer asks for tea grade, origin, leaf type and packaging for market supply.",David Thuman,,US,2026-08-14,,,United States,UNVERIFIED_MARKETPLACE_POST,NAMED_PERSON,https://www.tradewheel.com/buyers/tea/,platform_contact_buyer,PUBLIC_PAGE_SEARCH_INDEX_SNAPSHOT,RECENT_NEEDS_COMPANY_VERIFICATION,80
2026-08-28,exporthub,TEA,Herbal tea RFQ,US buyer is building a website focused on herbal teas and seeks simple herbal remedy flavors; preferred supplier country China.,Dayna LamHo,,US,2026-06-05,2026-10-17,Ask From Buyer,United States,UNVERIFIED_MARKETPLACE_POST,NAMED_PERSON,https://www.exporthub.com/rfq_detail.html?id=s%3A8%3A%22bcahchgb%22%3B,platform_quote,PUBLIC_PAGE_SEARCH_INDEX_SNAPSHOT,ACTIVE_NEEDS_COMPANY_VERIFICATION,85
2026-08-28,exporthub,TEA,Buying tea buyer,Buyer needs a company to identify and package the product and ship it to the US for retail.,,,US,2026-08-21,2026-09-08,Contact Buyer,United States,UNVERIFIED_MARKETPLACE_POST,ANONYMOUS,https://www.exporthub.com/importers/tea/,platform_contact_buyer,PUBLIC_PAGE_SEARCH_INDEX_SNAPSHOT,ACTIVE_NEEDS_IDENTITY_UNLOCK,65
2026-08-28,freshdi,MATCHA,Matcha,"Matcha HS 0902.10; 10 pallets / 3,536 cartons; requested quantity 4,000 PCS; destination Los Angeles.",,S****O U.****A. I**C,US,2025-09-08,,4000 PCS,"Los Angeles, California, United States",BUYER_NOT_CONFIRMED_BY_PLATFORM,MASKED_COMPANY,https://freshdi.com/request/Matcha,platform_send_quotation,PUBLIC_PAGE_SEARCH_INDEX_SNAPSHOT,RECENT_NEEDS_BUYER_VERIFICATION,75
2026-08-28,freshdi,MATCHA,Organic matcha products,"Buyer requests 6,000 PCS of named organic matcha retail products for Los Angeles.",,BVL GROUP USA INC,US,2025-07-22,,6000 PCS,"Los Angeles, California, United States",UNVERIFIED_OR_PUBLIC_DATA_DERIVED,NAMED_COMPANY,https://freshdi.com/request/Organic-matcha-products,platform_send_quotation,PUBLIC_PAGE_SEARCH_INDEX_SNAPSHOT,STALE_BRAND_SPECIFIC_GAP,60
2026-08-28,freshdi,BLUEBERRY,Fresh blueberries,"4,080 cases of certified-organic fresh blueberries: 2,652 cases 12x9 oz and 1,428 cases 8x18 oz; cold-treatment requirements.",,BERRY FRESH LLC,US,2025-07-03,,4080 cases,"Chester, Pennsylvania, United States",BUYER_CONFIRMED_BY_PLATFORM,NAMED_COMPANY,https://freshdi.com/request/Fresh-blueberries-AyH0V8,platform_send_quotation,PUBLIC_PAGE_SEARCH_INDEX_SNAPSHOT,STALE_BUT_HIGH_IDENTITY_VALUE,75
2026-08-28,freshdi,CHILI,Agri & food products inquiry,"US buyer requests fox nuts, bay leaves, black cardamom, crushed chili and chili powder.",,------------,US,2025-07-06,,1999 packages,"Norfolk, Virginia, United States",UNVERIFIED_MARKETPLACE_POST,ANONYMOUS,https://freshdi.com/request/Agri-food-products-inquiry-ry8UBx,platform_send_quotation,PUBLIC_PAGE_SEARCH_INDEX_SNAPSHOT,STALE_NEEDS_IDENTITY_UNLOCK,55
